{"version":139,"hash":{"type":"Buffer","data":"SkbIw1FAWsdnKBKT3BVqVib9a+vBuhqXOU1W6AjzyJpVtE5KDDdnNzzUFOXN86jcDkl7zdqUFC0/pAMHXUq+iJcGSxZhOWcFUzf9hyXTcb8TVANWpkkhdPAIaUPp9PMLDbWaeG9UmoPoEC1fRtl2AteVSH6fVILyx0GbgFmwBjc="},"indexValueMap":{"AIt0KidlqstC53E1kD4nlhEP5Z6nN0NJEXOIohJCu0I=":{"valueMac":{"type":"Buffer","data":"zSxbUeJDgOie3L2m2aE7VoGZH38pZhU+/VtyrPaPczk="}},"AWtZUQgwXGgQvKrWW3/BUQ1S3MiSSo98OwJYddyQ7JE=":{"valueMac":{"type":"Buffer","data":"pKKuK81F8LM7dP6yJ79pou5HLRgoKhZJtku+lf03+Ls="}},"Ar+x+F+nZpRe8XxdmSIpa/LonkBmGxH3aFPQfuqI8vs=":{"valueMac":{"type":"Buffer","data":"IJBQT4fk8FYOfzWiRAk6HhN/lEPCDP/zlzAhiPs+t5Y="}},"A1CifFCEryWYi/rNDXneShRC3+3uVRsWT19NU5zYGqY=":{"valueMac":{"type":"Buffer","data":"Ww4RK0JCJOxEPO0xev3AhwCMXp2cI8h9MxToCukgAQk="}},"A2D3d86uAhTu5InW16SqprhJ/47GyHFkO2Jzua+CP6w=":{"valueMac":{"type":"Buffer","data":"2ACZ4ofSa2qdn7Qi8QWEWhrH2ttvDhXWAdiM8qw4QC0="}},"A2lnsL+E8mvgkDuh0TgcuPLrHUW42jnYV4UeD744qTo=":{"valueMac":{"type":"Buffer","data":"H+nM0afrro/9n8YkKq+8jr5Uv8zO0vO+ACUHTSt+8Zk="}},"A3uX106HgKy8uYiRc2K+Ru2KfWd62Ia07rBe4STeLCU=":{"valueMac":{"type":"Buffer","data":"gzM7Yf0WFgqWb771bLQu4JZvZbxeDX6HX63yERyv3mA="}},"A50zSZACdjFU14mLqvlyHTH4KiVur3nc04VAXm+OLbE=":{"valueMac":{"type":"Buffer","data":"xYz6z41HtbAKNodP3OZVHIi1qtsf6ZyGluxfePc+0as="}},"BAeiANt8mcpqToN01qNk5U1/TF0hdfgLv4gxcHEFGNM=":{"valueMac":{"type":"Buffer","data":"92ASaNGCxxkHwbvEPWNDDTdVBxPF/cYOnZPT942SmK4="}},"BBV8upTurxbVNq5FCLBTDu5g//EaWmn17kosm96imAk=":{"valueMac":{"type":"Buffer","data":"sEE9SMBXXd6E5Yk8+zg8dw99JXhImdtoRs7pUmKh23A="}},"BKexwFhWstUMqJinCLkH6pNXWOuLYN9gTELHtCSYD6k=":{"valueMac":{"type":"Buffer","data":"m76uccRm3a+T2EV/GgEx8vIJQ+hhu/U5zqEjvNKAdBU="}},"BNCkhEBAJb9npJUFp8s2W5yWvY3303XnTAnuwlWcTZ8=":{"valueMac":{"type":"Buffer","data":"juxgiw8Gz12YUTNaafOndw/LYwbqP+dNqQoshTLFiCU="}},"BULbLxcs0C4rUfD2NnFIGga1Qw6tpZvdmCwqFELVrOI=":{"valueMac":{"type":"Buffer","data":"9WDk5dmjqUQ2WAVyupaSwxMgAF2dtzSb6EujVHzto8M="}},"BcENA6f22EhuPRhJ7zn1B1I0iXSgEkgZ3beFUfHD8Fk=":{"valueMac":{"type":"Buffer","data":"DsqAWmTgK6qMmYMz9i01WxTVbbEJi50YUIOSCdslHdY="}},"Bf2vIq91plnHtU5XvD59yZM0zqYlL2zmKaFR4+rtyYw=":{"valueMac":{"type":"Buffer","data":"L+SNFdmpCCzN1VXIzhHO17YxrzTugItdZPx2O/TW9NY="}},"BnYZxVW38R57XR/QOBmX0YSErmlzFJ18tjYm66SFqkc=":{"valueMac":{"type":"Buffer","data":"Ddit2ZUdMDN3Ydac0b/ieNW7pXMsQ8PLo4Qb0PBLpr4="}},"B+MQ5cx/Y8DE/oHomdljkANrppnt6qHWXoyUhuIU8vI=":{"valueMac":{"type":"Buffer","data":"sKJWbcRWRmHfvdTxuqaHdAWQXy2PgvW41mj7W9Be4f8="}},"CCiaC0ZiDEudA8yUlYwH5b6CFwfzR4QBsX8IG2i7ScU=":{"valueMac":{"type":"Buffer","data":"wL3owbPxu370f1mL8E79OFywLP0AcoY4mNZY6XUBNEM="}},"CHywVvxGJZei47qO9MOJEWppBDEO0Li7pLShNv1d2co=":{"valueMac":{"type":"Buffer","data":"Y01pvPzhTdQWaH/NayWOvRFX4LMAeisvDDeowTbgnbQ="}},"CQCRNE/iEFojR2LJvu2Rgc8yYC6YQnPMf7Djw2lua3M=":{"valueMac":{"type":"Buffer","data":"HatM1LfmSmpC+O4hDqvjby47viGgM27/bFv/3y2468o="}},"CRuwmAYdAMXF6/5+QqjhP8iHzo2ysSaTdmXRQW3NrFA=":{"valueMac":{"type":"Buffer","data":"KyrOvRClULpPLrkjHFOzIXiYvqIps1ecInjXwyZHS5w="}},"CS6HCfCBSJn9uZ0LrMXoCHkoBJHN0y2B+5eUe8z01VY=":{"valueMac":{"type":"Buffer","data":"bfq0f7biDNfMYyW1EDVjUlDWaPEJCzlOqtEYxu7saxE="}},"C3+D11QFZikVr9Y+OtcNgC6id0CPbExJW/FwB+MfqMo=":{"valueMac":{"type":"Buffer","data":"w/DrildM0snjVZN4oVkXlgT5ZBjl0pG7iLNLLvLO20I="}},"C7kDj69pM4W7Syof20EecvuOar1brtOulZJ/tT89cLY=":{"valueMac":{"type":"Buffer","data":"Fje9CDNxifsLatEywbr4yoP3boxj7FR/r6uHtxkIsQM="}},"DCCZUzKwmMkiaYrz6SeMVJddL5+dn6jze4soDhD9NLg=":{"valueMac":{"type":"Buffer","data":"5sCLGlSHbvE1vzr3ke6CYY3QRgEAQdD+QaDAjVstgzA="}},"DFnOxKAsUUYv1Qnmk+qeGcoGchOFf8qgYi+dlbQ2HV4=":{"valueMac":{"type":"Buffer","data":"gqW4St9kRGYkehj7d/FfWDbtCUtGNPbWStqpCcEqfG0="}},"DIPoG4h/Fn4QI8cSyE1dma1N/QpvP4CWWXtCjFIAxvk=":{"valueMac":{"type":"Buffer","data":"K9vUu9ApjsrqHJoRa6sWzej70Uz8m6WLNdx/K7zlbX8="}},"DSzATzLMD/hC53FSr/mEwS2+HfgP9ukAiJ31cA0pxYY=":{"valueMac":{"type":"Buffer","data":"asDOlGAGpNlvgO8BMcPdXCp9IQiCPWoa4befsCRb7LI="}},"DkE+hzgdbqryVCtZf7v18maHUQR2j8l9UFKJAX7t0O8=":{"valueMac":{"type":"Buffer","data":"IAsd7bAj6/PDfa6xZH1O7OnURQ0ppS4rBCTT0xnX41E="}},"D9mwAKuQ8V3AjfdjG+Fl7noWoPJHCuuDuYJYucxdPrA=":{"valueMac":{"type":"Buffer","data":"mA456lWYP9QfJRlvpOZs2gjrru/hErGDhKWGc37/3wQ="}},"EIyJK1JVJ/z+pCxDnPmVsyMxxBeI4Q2PN1hTi3FOnlY=":{"valueMac":{"type":"Buffer","data":"E0PzX5ysTBpdEEIfXOV/5IhsU49CBuGAKfXTbN7vwSo="}},"EJnNGnPXZNvlWZ9lrBgxxj8BiWOd/V6lMs65GADS5SI=":{"valueMac":{"type":"Buffer","data":"7ZA3HMxX66BvoahQb0B+lIbBfvBduOrr5+6jr8mP7ko="}},"EL6+fQlKQN2xWSK6u2RjSsE1ZCVmusbP3vKOxfYweFE=":{"valueMac":{"type":"Buffer","data":"bOZkDoHTMYs1c5EtIURWXAiUgfjnt7qePQSWBDOJmLo="}},"ENctMpqj4xDwlFfONjvKwsxVY3zHHhNxJhCjziG+Oco=":{"valueMac":{"type":"Buffer","data":"cXBgQI6eP2E7y7wN4mLsFIhGD7aXxkaCyWQvRus8J7k="}},"EVyxx7U9PzeER5ndk3tV2Kp3zDVYXHB/UI1sw2fr5kk=":{"valueMac":{"type":"Buffer","data":"XIwGoYtRynVOY0KmvbH3JjJuy5+0VRXdIFanuRv8rNo="}},"EgIHl5475EN0rNyH4I8hc42BqARCHD9BH/TBrIZQxd4=":{"valueMac":{"type":"Buffer","data":"TFmaMyXmoVtKMQ/A77NPokKQgztH22XZ1xKJEDu49oQ="}},"Ek3MQXVpWjpaRIgBfsivPTkTiAQV14IWw6qpgPWOElo=":{"valueMac":{"type":"Buffer","data":"/CzwlCpSFSLXnwQQLfBwwm5BCQBhC57g3En6FefWwV4="}},"Eon41LClK2ItvSeiZOpYaL4slmK6m3STPrm9REQLG3A=":{"valueMac":{"type":"Buffer","data":"ewUOVAZOGJJl+4Bn+g89zasD+tEtwwSbXZjyB2q0iZA="}},"E0DV731hmINtzMZteeE2fLkgFBINHVo7idm90ooOhx4=":{"valueMac":{"type":"Buffer","data":"ubNIemOHlHoGrvVYVBs9IP1zetPj6jqVzOjXo1az2fQ="}},"E6ODHeCdeUVrq70bCO1ZR4pGHLbDZLCihDDGdCJ0RTg=":{"valueMac":{"type":"Buffer","data":"5kER5OCQxrV2YCfJN3f7K5ujiUxHBjznpyvNBPruMEU="}},"E+jNLMJ+EIVVXkWh6kpPkqhvZyjWiy+pLarhFziHSUs=":{"valueMac":{"type":"Buffer","data":"qm2tt+kH+V9eVkHyfWP80NXD/mchVQ6uR3MBcXubV/s="}},"FBvEOJOsnY9H2bbDiepA0TyMMl+J5dTHys6Z44hn4jI=":{"valueMac":{"type":"Buffer","data":"QNnfTUVMh2pFxT5I6STvYEOVbvRtM3qn7+pIUHUFTR4="}},"FFWa4emU83N9y1++gIPlkZEKPO08hUO7je0LjQN17YQ=":{"valueMac":{"type":"Buffer","data":"ke593NkqsDp39Vq5ugHa6j16QA5AqeSlIZABVqzfBRk="}},"FYrXTTZV7I8DhsEC0iQV9/PDrMDFAaXHJhChSFyrH0I=":{"valueMac":{"type":"Buffer","data":"BEqs847Foo3kVln/JChJS3uR5MsDtnUfjp6kW+mxFsw="}},"FYwGmCxVA3sTMOS7iyDfJ9kPP+vm82mhnCAWfGSh4Ho=":{"valueMac":{"type":"Buffer","data":"koi6787NBvfsaBC7D3ytTI8EQg/pzjh19dEp5VDjbWU="}},"FizHS/dnvqDHmkl1ThLTS9mE4QoTS4fzuxsBDuEdVic=":{"valueMac":{"type":"Buffer","data":"iCUEuKfV55Id21DFHuhsOO3xcyXbSHWwgjQ8YtpMhzA="}},"Fo5HOMNT861dIzF+1jJ1weqMcn6QfPz27zGsP1vZdrg=":{"valueMac":{"type":"Buffer","data":"uW8arG029Q27ET2tobq7IxUUBUYy+tIu37PDy+yRkD4="}},"FxQkbWtzvsdbzvLm2aFhjEbAtjsdZ8T1pOtkJRx90iw=":{"valueMac":{"type":"Buffer","data":"AhtjgtHLPggw1+pGqEggbYXsBl8k7gfYIWKWpOgPADg="}},"F6RWT0iFn8oKS0lRQQaGyccQ7WfHO+ZxpoE8kiYeNeQ=":{"valueMac":{"type":"Buffer","data":"2Q6pzUZIcLpQE4fSWON/c7Nqc7sk6K5cvfDEIIUhl9w="}},"F+5l8M0PGym1nqmDjp32BVtUxFtOawqq/6apGOOEtiY=":{"valueMac":{"type":"Buffer","data":"SkgpkvvFu1BXvYytyIC2u6ubwd3tvGo+tpbd68s8X4w="}},"GHCrQv5PNE3X9i28MirrbzEDZuX3IElqO99VHdZsrqY=":{"valueMac":{"type":"Buffer","data":"hyV6+FxZ/u2vnnPKa5neLqmOx/f5hn3w46sNbOPG3ps="}},"GL5Xkimj7lC4jwZhG5F1OrVFelSjYE5tNIPuXLoFp4A=":{"valueMac":{"type":"Buffer","data":"+T+l11uBWRpq1in+pfG79TIsDjz4SePUdvdJAjYDbEs="}},"GRGvvL7hJf7/pVIrhGSviCbXTvpMxl14YoCh5HOv3rU=":{"valueMac":{"type":"Buffer","data":"HgApOR5kLdhvqN/abzJeoij2yhqoS/aJqCOH2iilKj0="}},"GbgtrV76rF6P2hpnV2VWQDkQByOgfC4PzZqd4TYtx1A=":{"valueMac":{"type":"Buffer","data":"Z7ly2zU907+/iVgzvk17AbOUnT9fQRH/jk6qo+Ob4xE="}},"GiwHb9+NziS5bvIp+wraiOSHAa6iCTHUBC5wFDIZ/Yg=":{"valueMac":{"type":"Buffer","data":"pxf5V5XuHjg6E2+UwXuieFpV82Yx2nkIfyosVd0pgI8="}},"GmZ85a5VH9BhGCHLLx4N+L817xpe0YT2nQH4OjQXQgo=":{"valueMac":{"type":"Buffer","data":"qtuSS9UcoOZwJNjk9DA+5e8nneoHiQhXN8Fg8sN8a/c="}},"GsiDCBDgjEEW3t8tynWIedsuqIOQiegP5J9i+i/1P6g=":{"valueMac":{"type":"Buffer","data":"/8mQFlaKfkpQmCGonkVoynra1IfFDYv4qFbuQEwpZwk="}},"GxkQGSjWbxnFDx8z/VNqo7Ju2/oKqI8027rw7sJyKp8=":{"valueMac":{"type":"Buffer","data":"rpJ9qkp7VJEkkrXClhOXUh9hRgd+CsT5yDVAjxYeF10="}},"G89uIatK4P1/ftirlE3pSvOifM/4pS0jPRMyl7QD0AA=":{"valueMac":{"type":"Buffer","data":"DbPSxzuM3hq2253A1nIUUrO2idgMkeAZRLDtCAtPvoo="}},"G8/22AMIH1tGP6iQgykbVgQyUoYzvj++ancRipHDRRw=":{"valueMac":{"type":"Buffer","data":"au2yJBMAnte8h+ld9RT9cuDLGC95CI3S5KJGrwhcfh4="}},"G9FdPk/gvPWMH90GSVapqS/VE4CspcPmlw7rgaLK5ys=":{"valueMac":{"type":"Buffer","data":"WBrwNOf3Wq9tl94WMCVbf+6Ot665/oR5WwpYjScuNVU="}},"HQjS6WRj2FgsQ+sMO1uJAxkzhpVztHCTdzNDPYUFa3c=":{"valueMac":{"type":"Buffer","data":"KX11mRzRkYAC2fucABwlsSjg2Q3rgMN4XWzXz7kpmDw="}},"Hg+uEumZl4k++T9ZTtP2uDnI5JdO6R4p+2PCExYUkj4=":{"valueMac":{"type":"Buffer","data":"0vZlJn6LLAqqb9CqFF4faD6gG3tQGIjCkVvy3x6YmSQ="}},"Hhdrb4vW/+FCwMnjiMHiaDuSSSSxfUD2Ji0hxs7CP74=":{"valueMac":{"type":"Buffer","data":"MwAflHfu7SOSd0CT7ZG1G0foZvGRPhQW5gYHusPcAZ0="}},"H4cZsfCb6fHt7zkWRXhJXK8ZBMJxtA/u1pZAMCrRrwc=":{"valueMac":{"type":"Buffer","data":"d5h9AvfQXODhCdQQ8A5jeehI4JDexDBmWrQB/6f/c2k="}},"H7wEaZuPZiyx0zDsQcRfohJAvtHY1G2tLZD+6gBklGU=":{"valueMac":{"type":"Buffer","data":"X/rZFOv19r6fbkQHtQWAUdNetEytax8L3EjPJtSuiYA="}},"H9nP8KCN2QJfzoyDV4HorjEyHgPnt32Aa0QdH4Q+u5w=":{"valueMac":{"type":"Buffer","data":"sgBkvR9xH7ohQk1l/uEaENYb+6jrjxOUABfTbfiTqSY="}},"IBw53bYjYQ7So5SyEeiEOHhIJ5GhmwFDONXR4mouCOM=":{"valueMac":{"type":"Buffer","data":"ZrxCQiIgBoEoEswx6YuDgpdMgW5bPRn7Bsd0S9liuAg="}},"IPKCueAdQxNn+bp6pggxJdpjqukPGnk0emK4YoF0cyo=":{"valueMac":{"type":"Buffer","data":"9Fp00IlDqF730kLT3Q6rfSR9ICJaHpSR0Mq8W3nle9E="}},"IalVKJVYjZBi0x6dqfJYS6eIhCMPoputnEXeBmov0B0=":{"valueMac":{"type":"Buffer","data":"nM6FXwGv9nwORZP2aTea7jtFvDti5WOADiuAr7kQH4w="}},"ImkPlUtPFLyI5NIXvsbCL6uAikgyRJPgMRLlHMJwbg0=":{"valueMac":{"type":"Buffer","data":"a06RGOatn7DXvgIC3F51B0yyT2cNNMflUG0+KoSQTGE="}},"IpTJVgJU1qZ6ixZqGruthWW8tjyfICRpEZZBQycQZm8=":{"valueMac":{"type":"Buffer","data":"ofNYdS5V7kB1QCuk6yGt6G/+1Ya3eHjdT7uCMT9xwkc="}},"Ip4vWh/mCvYqR4I1w1Wa4AXy7P0tDoXhu1Blrn7Kv8o=":{"valueMac":{"type":"Buffer","data":"+e2f/lu2Yh/9K9PWI9aIl4SZDLgqMqvku0fjn05RubI="}},"IrIicYvRGq+YJsCFhCdLrceAPe9yRrGRxSQjzlG1Jsg=":{"valueMac":{"type":"Buffer","data":"IWurfvTdYWuZLZkbbQ/06vX9kaSOa3VCowVWqP98tIs="}},"ItVBcsezsCNOyP5yaqKIWOOElR2Yl/aORgldwJMCCRw=":{"valueMac":{"type":"Buffer","data":"M5NCcRXbfbnYGXTKbm+BxY0zzj3rJJ8ry0vbKlnO4mc="}},"I8P/bZld7idDFwhjC7Pkdl9IQLRgZpz/lE1Xvt33aUw=":{"valueMac":{"type":"Buffer","data":"xutrskmQIZ4Ahioeovefh+08UJMT+Sp3PyBCbD0vI1A="}},"JJ5lANZILybFzCKK8GP/jHpMHtBjwLYQxOFq/4fQUYo=":{"valueMac":{"type":"Buffer","data":"Ozywkec3s/zM+1BvI9gX2gByPWbp9e9X6yjEGZoWym8="}},"JO7F45yAzet1ZF4FKGTXxuHPazY1OgwOgRmqd1AVqkU=":{"valueMac":{"type":"Buffer","data":"NxFeNunU5PmzPogliqXJ5vjYdE1WMxFjJlp0D1NjVcI="}},"JQM0Nb++oGS+vtMI+HibedmvpOv/mCEXJv4cLcsb3m0=":{"valueMac":{"type":"Buffer","data":"dwFQqZM685tgLe/ph1mmquOS2Pds2sPT8cwY4LIrXTs="}},"JQfGzRsGvtlMGwSlvKYVnJz23wLS8g6K/5xNZ/VWO3A=":{"valueMac":{"type":"Buffer","data":"NL8n1jO3Zif8LwE/2VoJ3iQN3RghHEX9ukf8awIiIIU="}},"JwaLg1YsWmvwBXMzv8e8wnE6cFRmtng1mVQI+pR1YK8=":{"valueMac":{"type":"Buffer","data":"b4itlwNtO9Lcu3rKFZuXaKExNTY5K0Ud3RKKKderV90="}},"J+5J/LcNkNHPwDFoD73R7huA9/LX6GUMGl4wgkPavgc=":{"valueMac":{"type":"Buffer","data":"5tUs7UbxkFgrXNlNzWohi4a92bBnPUYtNlI/Se+eiPg="}},"KNeifGqrm6jc1X2RGJgw7JWVDBnwlpfqXiEyuaWXJQU=":{"valueMac":{"type":"Buffer","data":"46SXKiEWGglWVbPr0CGjqqFpZjAB7/PJX7AKHKapyWk="}},"KRNDT/DTKKpYoIv99GFwDk55qz8nsFFTlieUFAzhjBc=":{"valueMac":{"type":"Buffer","data":"PHR7vIN6n/dkbWCBez9kZonCn//L4d3ykFMUm3hgZ4A="}},"KXXqZHplGO3GvEacC1aWVwuo3aAfVRk/aQbGRAThbFE=":{"valueMac":{"type":"Buffer","data":"iRFkPT6Mz08Zhp+PnaMQROH7Hah04DttBn4bHaudbfE="}},"KYDWECYo2ap0I9LF42J4uO3Einin7hmv6u7ZQyybYoc=":{"valueMac":{"type":"Buffer","data":"cqM5gywMjt+IqA231S41QpCHulgIiGEL6frOIopLoh0="}},"KfruehG7YN36DrfmcV82UagcY4Q5JdxJn129uSJvIpw=":{"valueMac":{"type":"Buffer","data":"LgMOSWpCWMKMn6HYgpV1D0iHdwpSP9vtLZp00U3qqZY="}},"KhNpzo+O/Hcwck9Y4AS9MJhY72jX4leKkUWZOjw5Uis=":{"valueMac":{"type":"Buffer","data":"tAF2m8U7IuKyuyKUm3FeTHhcf62PHUy3aEtfWNznbXA="}},"Kh4r+ILUGAC3C2cHCy8qtxRYhs/xfa4kGfdNlq8PddE=":{"valueMac":{"type":"Buffer","data":"OdQ6TG0L0pWDIPHIM9fyg0xUuZnnTYZIw8s7hSs5TJA="}},"KqVTRkUH+armT7djztBOyf3GlaE2Ryad2Ni6w2ZIsys=":{"valueMac":{"type":"Buffer","data":"95pf0egJTNfEwsrpEcru1X4ZwiofnwYilrp/L5QNATc="}},"K2VgvkHlFTokC/F3CAGFO6ITfTeIQlPHfWC9W8S8GdE=":{"valueMac":{"type":"Buffer","data":"c1fHNPMnWMiMJuaKU5PS/E7GTwcp/8CMW5mBfZaMiUA="}},"K5+t4p+/EwIUdx/7aC25tlVYmyFsWmB/kea1LjU5Xlw=":{"valueMac":{"type":"Buffer","data":"X9lKLTZ7Tg5CcV4jevB+t8vbYVmyF6Q8he/d044Yy9c="}},"K6H0iPo7L3djf9GBQc6C8rgishGJP8OEWxC5wkXHP1E=":{"valueMac":{"type":"Buffer","data":"4q1o8tumBvV8GffvFhO9CcNoZjJNj5+2Hk2FQszVCpM="}},"LAqe40QfAhkHZJ6FsU/w19vHwgHlug+Tkod44YGSBT8=":{"valueMac":{"type":"Buffer","data":"v7kiPv9dUkMUZMrb26GiuFgZ9p/t0H2zzacdC5LhIwM="}},"LDQ8/GK8ts2vt3ZG1L213B699QlF4rt2JfxyGH6KiD4=":{"valueMac":{"type":"Buffer","data":"frVCmBAPzOZsfS16XvBZMOuUFYLiAWAe9wSolM5Gm74="}},"LEmumSDrHHHWphjfURK6MPzWL2QBrXcjkR7JvSX9SdI=":{"valueMac":{"type":"Buffer","data":"se9OkZo7BoF8O6TKe11Tq7Mlk5muHSdXQH1qo1P5DqI="}},"LQ5c9A66f24vWB21TEb5GnaIKUpkfs5fsbsnffU4snU=":{"valueMac":{"type":"Buffer","data":"hEeNVpERvwFguKBYI5/Ir0rWb6FABXBl+T4D/O+yefw="}},"LpEn1Kvath6GpBKE/oVUB2lu/cFAZJaj1KyhkbkvqA8=":{"valueMac":{"type":"Buffer","data":"QOifsjwQIA3BzvaKJbp3MIFq1B04LfW0XpJZb/JGmnk="}},"LqcRFAECOOzqe9ZIzVPf7ql6RIpslUd5R6KJcdWtGtA=":{"valueMac":{"type":"Buffer","data":"B9RUZuRIoGlxIZuhtQ/h9QSGJryQM03tdt6GsVsjkJE="}},"L08wvf9y3w5bo4qGeknmLjp2IegHWxAMWWnQ5N/whas=":{"valueMac":{"type":"Buffer","data":"x1AOAKRAYAdMd/zPe7TVHylCWUoLN32lXnp3YIGWU+Y="}},"L1HO4+KjP/BrGhTPCeQHDdocwktvCTrWunB2M8woVGU=":{"valueMac":{"type":"Buffer","data":"UzS5+15zJRq0GFKg4VS0otQgoNNNSym04XRpYj6JtK8="}},"L2XkDKRJ5v5tCRf/oSZg4+qJSlCOB4M8IXIDNDloWHs=":{"valueMac":{"type":"Buffer","data":"5K1E4CVsqJ4wDeBC6yuRUXLGdt5TdIUduRsiFOiXR/o="}},"L3nYCqm26/Eeh2/P84rbvKjzD/FezizIyeJfTTbCldY=":{"valueMac":{"type":"Buffer","data":"doQ5GbnDb76qDdwVi/wwGM7cofw1X5oCpaQGqF4SZWA="}},"L4QJW/9FV9rKftesC9uvb+1liczTyRbqN0yjLUoy+VA=":{"valueMac":{"type":"Buffer","data":"ssfuPTlqoz9/WJBY5Kx1vPjeB1T/fZ5KEeWZJYSKf3s="}},"MHR2RXApxYojHF1mzyt4aaqFl32EgwbLK/B1R3JrK7k=":{"valueMac":{"type":"Buffer","data":"/gkPlZGq5XAJIqrq4vDZK/5Jcog53AQ29hqF/6buUP4="}},"MLxfc7t1roqPtdBUObwjCUlJpSIg0XKCiD6c95AZXXI=":{"valueMac":{"type":"Buffer","data":"jIWWi2V5lLo0yWOkc5pG4lTeiBIKMudqppFd1HTAZxY="}},"MPITXIRTDNz3LIZaejZjhHNTk1VIDfxYtFVOC6KIoIY=":{"valueMac":{"type":"Buffer","data":"fzzEyqx+8ymiW+BSxsL6Gibp2CQlgZ7YJuy/z/61klo="}},"MYzPY8P2EKbKsyYZ5kaqdeqrUe/hkCkfBcyYySmIm4I=":{"valueMac":{"type":"Buffer","data":"/ZzKoHYYyAMpL9FfgX3Lgg/vyfGAKnx3hVr4FGYolXI="}},"MY3xokDVVnNx8yxG0COmISB5twbiuEedTE9wFUs5OD4=":{"valueMac":{"type":"Buffer","data":"wk7lqJ9BAxjKee52DYknMROKqG/tNt+Uz0522kS1MdQ="}},"MZ7BLc+geOPZEwAo0BQi7/fBTqyo7OR/LWq4JbZFkLQ=":{"valueMac":{"type":"Buffer","data":"7Er6rHjiQEhcI9SYvGZw720MbbrkiEnFk3H2miSxWgk="}},"Mb4R+06ReIDG+lY7LguVHfHfYtdvA3Xlqulx2bNrjfk=":{"valueMac":{"type":"Buffer","data":"ZEwZA9NfkKU7fccIUpgf5jgVCNi05uErgKtALyABsIk="}},"MfD3OinKcWgwHODT5f0FZc/1XQVFRdJJ4ct58udpTFA=":{"valueMac":{"type":"Buffer","data":"hfpamqAnOrd1+lIUs9rT1c1+84tzs6uJuHCYTP9r9CQ="}},"Msb9JYS83ssvSKCwRaOj815JQKuj9ckcfBP9VbD2Pvk=":{"valueMac":{"type":"Buffer","data":"+8dgBWIo6bUJXYmXTGzS6qxV3CMUla4isw/uE3d9FY0="}},"My9b5rF5u/svNsft7dUn+t8PWXn75NdL+ypl/YWZUA8=":{"valueMac":{"type":"Buffer","data":"wxho/CKvmSCjtWMiRa6VMEVwXu5hWMLP+IPUv6falMI="}},"M2QLNPhQjSlONXPSM/1TQEeNDbk/I+na/uSYbpib8zM=":{"valueMac":{"type":"Buffer","data":"HxrC/DVau0R6tg9YwQ660aty/MWxA//3XI5anaq1C/U="}},"M2rHbEPpJerqZT84L80HcK0V7s00yhRqrz+SgaAr9yo=":{"valueMac":{"type":"Buffer","data":"D4HOBOGfGadpnsQzEHcWZ/emXjeShKJE8IEPdthb7cs="}},"M8nV4f5vQUPrz5yo5KHpzbYgghSeZ286X37ZzPaWsEA=":{"valueMac":{"type":"Buffer","data":"3b1LE2AQlrnYYHmPVhHrDYIPM3Gy/ZNkxR9mcPDMk+g="}},"NAz4UVzRF7ebTGJsQHDSIiaSjPetH9jo7Yr1QhlWfuk=":{"valueMac":{"type":"Buffer","data":"AITbS6KtYRutqU6oWhozvlX3xUJsdDNQr+wyUCa9Rxo="}},"NRdZfOwwSy+4cUL5XuPm9xOAtkl1HZr9Vlxbd/0XjxU=":{"valueMac":{"type":"Buffer","data":"bXyHMg1g2eVsmxFEhS7UiPGVOIbQ+H7qybiOWqfPTzE="}},"NXyoUmr3s2wNdOWFKGyeZUilqappHHEkB/IlkKygBJc=":{"valueMac":{"type":"Buffer","data":"IqRuBZ/+0yknSEg+k6OqZT4U4pMdpmtZKrjq6IOj2ZM="}},"Nif0YVVjuLsVfqrA1+m1V/GNIiKVcUO7jhVGCmhEBjA=":{"valueMac":{"type":"Buffer","data":"Fp+u9ZBCtr/axTas7MRUk0QJ8RCbXq9a2vU4NM5K+w8="}},"NilQ7WbLPHNj/tuHamQoaeHFgCfSLT2oJJieoSq+JH8=":{"valueMac":{"type":"Buffer","data":"pc0awsz03JThhxjGaY6YaN4imtnK98asmroqSdXqio4="}},"NqgrDa2cmpvUDfJD6+7OLZTIYNTJvx0aoqOompsXQmM=":{"valueMac":{"type":"Buffer","data":"z2FfFeZJqtDZ9GrzL2AVN2VY8UP0wI+FGU6uRNA68kU="}},"NvFbj1L909JeEmo3e4Y0SdRVKtJMitd59q+gam2BCkM=":{"valueMac":{"type":"Buffer","data":"gaZxHpSd6DVGE0NWsxGQOXXE03rSxppziv76k8BXKUk="}},"NvZQNv8HV6LGksnJM7EnJInaZcCWxpg+UrPcT/YZ2+Y=":{"valueMac":{"type":"Buffer","data":"NJolL1nueU5spcQsWifo1J7kl26jNz4ENZq0g2zezxU="}},"N1qNNO9DJoi1G5Pj8pBf/VsS3w1ZOyg6KIeVVGwYFcE=":{"valueMac":{"type":"Buffer","data":"gPJsExUxoinPc0NBpyUezDvDbGNkLlPm0VCpSS/b3rc="}},"N1zmdEDJu4x3KXQ7WB3FXwoAWwq7/frc3SrWZhLONts=":{"valueMac":{"type":"Buffer","data":"lDtVf/A1OQEiGO3Z5t4HjQ57x/wgUvxgTYA3aRYZwGU="}},"OIAyPxc8Bit3MnriOb4Yqwsm2J2qQvstP9wx+6MODsM=":{"valueMac":{"type":"Buffer","data":"iD9VtAw4LWb9+EMCUvEqRhGXkjUMgpeRvAdwttzAyCU="}},"OIFDd3I6LMQHntJcFqrgxP5vsE1J2ffhw91sdUqFCks=":{"valueMac":{"type":"Buffer","data":"4zv+9ZEtitUl+hkPlfKMJlkGhduzT7mZfVCTWa8bqck="}},"OYZojGhqv5GolJkrGiZpcostXZ/jGvZhAE9Ysornky8=":{"valueMac":{"type":"Buffer","data":"92Teq59ToEyBiXEYs9FH0tetbt8shcwelHxL5Fycqts="}},"OadSy04WT4K2kVhUJ0yuaLNu26T+HgeNb2aBxI7fQ78=":{"valueMac":{"type":"Buffer","data":"LwZ+DF936zIiqcc+RIBWuVCmAS4J/1NMQZWMqDlp4dE="}},"OcefgNSm2+1LCnhbpkXDiCdFwMkIOsxWpGXrPwWmank=":{"valueMac":{"type":"Buffer","data":"5rJpc6vJ6XCml9roNy4KZVkHWekAcYPKG8D3H+Xuvdc="}},"OhKYZgyIct5ffgsAPAxh4XaPnB7M+hNDSs7iy+x6oeo=":{"valueMac":{"type":"Buffer","data":"FKN/AMClFEyMhIcksS849pUC/2vkGfdLqicL3O+VL64="}},"OhMFMna5A36yvHS50Fn4kKnm8KO9CQpZA/wVL/c9Z6g=":{"valueMac":{"type":"Buffer","data":"QdFX9o6iZNBHE1h0fVCH4tSgo1uKir0n+2uApQx/Yh0="}},"OspYHTKZAbbbzpMJN/3C+EI8WsKB2YBWAB+fFj3PKu4=":{"valueMac":{"type":"Buffer","data":"yXTdKRvyxvIo1aD+yO+1vdH60dAD/TzOCQ9TyO4Y08o="}},"PDj+XBkIsyV5r/GpDDHJgi4Ms72RhSn/0Lqf+LFVwaQ=":{"valueMac":{"type":"Buffer","data":"ZQQXKtRvSGlWEtn6r/tia/YDAW4AtPpjQhEOvgA6CXI="}},"PLMBT6o5ELAGoHayp28dOxmsBEBjwKHADVZ09/xvLpA=":{"valueMac":{"type":"Buffer","data":"dGZpHzwloMzep9/VNIeOzeFAVUOktETd3nJcO8WpqI0="}},"POakyfVfI8tBxHV77v+lOd4KSOhaU9XffELVOGOmnPc=":{"valueMac":{"type":"Buffer","data":"vc/WkueOSuByRpBnmBl5/Y89spMWZzTOhPzF+4EwNTk="}},"PQzGWi5rIKqsolD2zlS1aL36uYBVCC5yOCryj5MKeoI=":{"valueMac":{"type":"Buffer","data":"1LbpykmAkAczCUVDiFp61Op6BFHqrMCWSWjOzEK+bow="}},"PTaaUcZpyX/SxsJLAzSGULRVOWzVKpx+QclthuLiIiE=":{"valueMac":{"type":"Buffer","data":"b89byppARIaWnxT1wkrcOsRJ1zCi1JjbidWF850vatw="}},"PVHooBtBpOoSXiqW7i9rjXq8YREyZlYYtGtfnhMTncY=":{"valueMac":{"type":"Buffer","data":"asig6ZTGnCyxAlxcANJA+rw13u6/9i2Ttvo1jxYg9QM="}},"QAOzVCaD6L7ky0ycGQX/N5m8TlXoy4z9UU3v3Agsb+w=":{"valueMac":{"type":"Buffer","data":"iSI/Ic9Hg+WnlU3cFg9iPxfGuHNzj8uV8cszq7rSfl0="}},"QAUGnInTeeDQvpF+W2lGVNQnYUgL8LdJl/+IIzoz2vo=":{"valueMac":{"type":"Buffer","data":"+NYWQIevTJjjnW6qsX4n5XUVSn+mQM/uoDL33QLVl/4="}},"QD3OtPW9UJ+xa+s1eXdQeMeD0AvutxlKZObNBQT1B7s=":{"valueMac":{"type":"Buffer","data":"1fP/DpXuqYqiivrwPdEI+PXXaxA5YN9BoVOsEnGfc/U="}},"QJHm7qvqL59LL8C74qkUerYpOf/KlFTt7LX3MyPkC0s=":{"valueMac":{"type":"Buffer","data":"ZnilQLLURYssJsnweH0/6qZivyioWJeMCWOIdo8i9q4="}},"QRZiw1Wropj09ZHJfc4xPCXoZhxVHTwh1cUKktcyZpY=":{"valueMac":{"type":"Buffer","data":"JgMEXqQLNRzKMlKAVX1ea8ASkloaTT4u+Y0bjSMVWcA="}},"QWxsHw9TJlp+3/9i7qqMabI8Mkk4G013QZA+0Rz1TrQ=":{"valueMac":{"type":"Buffer","data":"q5xFGYZVEI5EE9JN7H/grLHB61ZkGQXICK3hCwVdwII="}},"QhyafMdXomPBKtdEkR4la8KjK39O8cC3VEUPQuIUBZI=":{"valueMac":{"type":"Buffer","data":"n5qjVF2AunCPgvD8pbIm/G3CgzWyI+1DYYaiDwEWJCQ="}},"QqJVOcDq6hyV3mifbqk0/dZ6AUECTlNyWlR+JBoY1Vw=":{"valueMac":{"type":"Buffer","data":"hRTEq+VJOd6RZTsVOh+EOUAw99PXnm4Lp5UWGa/Mrmc="}},"QwJV9QShULyORNk4cU87tTeSFdoee/VQ848UH1JZy+U=":{"valueMac":{"type":"Buffer","data":"6blITWOSy+sZgEDxFzbPWq8gmx+g/1EndG+22EF8yWY="}},"Q10gW+kXnlPoiOnY7an3LkKnvC2aiezap63eQHk0DDA=":{"valueMac":{"type":"Buffer","data":"N3EzrHvY4+3vpwaNvurfGIAmdNEjvcDD6MxNUbgZ7fQ="}},"Q3bkKTGBcDyi8RR9UXL+0LltYUuoM0Ft9pjWE9wE+Vk=":{"valueMac":{"type":"Buffer","data":"bZ+0v4pRV6a95RQ3EQPsheEeZkb42uEGA5BV7W7fAL4="}},"Q5HzxOFJmZyGCxuIzKWqBRRFSeaHb0/WSyFJCkqNz2c=":{"valueMac":{"type":"Buffer","data":"OsFRmO7+2Kx7vPbBumwrhPVDTOyN8n4NoipMzLyzqX0="}},"RBPKdq4cEJnjLx+EMYeK4HDgMd8/ufucQbARK3vct8Y=":{"valueMac":{"type":"Buffer","data":"FKK7RrTt2MufuQYLOaXMln4CwahuG64axYFt7n+OHwk="}},"RWE+VTNteY5a6XG4J+469eZXZBY1BlF+/ZEyzN14+iY=":{"valueMac":{"type":"Buffer","data":"4+9Qj8IpXcLWJiVmx7Rnmwmx6bVEnKn7W/Y81UVIihM="}},"RXiWVppainVstmv+Or/3gv3SD6SZJryHq3crVw+eMEA=":{"valueMac":{"type":"Buffer","data":"gd9ebZR3+w99utoXKwz9v/HJJQNt8hX7CC2nVmKiM4M="}},"RdSFrIYzc19B4AAJPZ0QOabKW6/uNmrQM/vAOPkvMCE=":{"valueMac":{"type":"Buffer","data":"UPebZy4dU8W2u4l9wUQm49j/romd9dB0WSLIjumxQq8="}},"RmVtPP9QKHpMhhH4ZjpTfFoRQQf+YWRnbk8cuCX8e9c=":{"valueMac":{"type":"Buffer","data":"Zq6AbXbBDxXdMDcsEk6wYqYKMxoha1x9iCDnos2Erh4="}},"Rml4DKg0h4zuGZWZgRGaibXY3aWIalsmLJl39lifeSM=":{"valueMac":{"type":"Buffer","data":"kav2Knf7PO9Zxml6ngpgUfcGeAGIAPndTi77XhNSNJI="}},"Rm8/6xCKGmSkCxLb//eSLcOkWGNK11XE97Rj9Cqp9uk=":{"valueMac":{"type":"Buffer","data":"ekeFGnM/yMcpPX5DmJ5lCMh2FyagtocC0CrH2KSEu3E="}},"Rqw0b4yMa+A2NnlbBmKG0gl21SrI93GkN0qzwhff4Zk=":{"valueMac":{"type":"Buffer","data":"FnTuFUjiPzzbrzCZBLGKoPECMdHMnOwm0K0fyaV5YEc="}},"RtCr0O/eezYoIwsHhYnpPvDublEtgDX0zXUdOZj6Dq0=":{"valueMac":{"type":"Buffer","data":"tAUmGQzlglOvetHBof/h3JY+sQSBokduSjjTjMZux7k="}},"RxOFpoubSj2Rdx84mNDpn4a2SdDC6yXe64bW8UHHhXg=":{"valueMac":{"type":"Buffer","data":"+qGrvs1rWYdO5YNwHst/Omy4C4/2JG+3nvxQ65cEnY8="}},"R6mxZKGAH93YR9SD6xeLIt4D/G73pMnbui4lsn19O7w=":{"valueMac":{"type":"Buffer","data":"zsj7+9lIsZgwrKZkXhTxtZ9MhgsoMtJQSOmhhni2ksw="}},"SePdrHMfNulBuWS6pcGV7D6lYEziV/C9T2nr46IigmM=":{"valueMac":{"type":"Buffer","data":"l+KzQc5N60yXK5tT2THHRV3f7qboAUrGn7+/1uifOTw="}},"Sfnwohos5bca9b5FxTI0KuSB7/4OmybJZsSinM8Zi9c=":{"valueMac":{"type":"Buffer","data":"DsdgPRjnoQDN2IW810WkdLn7+02yfcL5tq7x26nYw8E="}},"SnRyXClI0TJD9qdidBeK4cBPneWBs+Wm756c4Xuqeo4=":{"valueMac":{"type":"Buffer","data":"zrrWmyuEmcRW9HJoFm3qsgMIiLymirOX+08Li5Q+T30="}},"SxRw1bqG0ewD4fHpriwzj4veMU/5tAA2BDZre2ROp7M=":{"valueMac":{"type":"Buffer","data":"3WQC+hSQES9SnLgnBEEsvn5CWfmum2yydQCVLyEuqc8="}},"SzKL6TI8/pTXSrKIyOzzF5gqArMs6HrcoiHEeGj+isE=":{"valueMac":{"type":"Buffer","data":"2wIT/6Nuq+10l2otU5otMytCHWsShHodrAxw2VG1Zwc="}},"S+fH/kOZn5OMyYSMSOUYcVBIkMcBzRtZeG1ztkANbfY=":{"valueMac":{"type":"Buffer","data":"LIEdtsok/WcOI5mo2jQW1WpK34o+GA9m3Hai6L6Wgro="}},"S++nFyyvKXx+gOL5aYJrV+9TvbE1KzmppYZym2GV7Eg=":{"valueMac":{"type":"Buffer","data":"kscxMBr4+PczbaV0NNLDH6cRbIVTM52W6TtWwuo1DYA="}},"TLt497wL58cZsE+IWnqcrsB1kz0FuzA82yuas1bIXUg=":{"valueMac":{"type":"Buffer","data":"wMsonph3PFjUIi1/w807yVx7mTldvJAfHw3pQ+js2wI="}},"TT1dTno9qoFm8iZqQTFLFMTu6w3La1vRsh8wQaCJqy8=":{"valueMac":{"type":"Buffer","data":"Fqb8+mgb2CoOpFVKFJqpnzTB6PDBv+aFU4iIGdn6q34="}},"Ta5c5bbPVk3dVGv2MIrW+LD/X++jabgVeYozCeELewI=":{"valueMac":{"type":"Buffer","data":"sUA0uHlKinXQ5FbTGMh5lG099GbsbPgqE6+OkNeAm2Y="}},"T44y7T3W7BMzViV7KtRPaRynKv7gJlifozyCfVhvij4=":{"valueMac":{"type":"Buffer","data":"IK/WnFgYH0BKqPANGxE0a+Zu7kE6pGATtC7gZxVdDUo="}},"UJzW5gPqH/h0lqtw0tILLAU6aoOw5t1DnYk1BjfhL98=":{"valueMac":{"type":"Buffer","data":"VRYJ2zi9/CAksJ5ntpM82fAToAinv9BenKtbmgkiiyg="}},"UKeoxormOz0ER921xL+PW39O+Y8n8372ZgNr6QDdHYg=":{"valueMac":{"type":"Buffer","data":"fuvAgEU6rp5FWbZyvRyJdhAJ56bMFOLi2GFgAb1sxK0="}},"ULc7NXywBLxubIpw3Bsg6WxCu5TJJajfB7BMGkE3fcg=":{"valueMac":{"type":"Buffer","data":"rzT/tLCoB7ARhSpAfo3ny1yV9ZxLwAlYwCwRgL4MCBg="}},"UMxRwRw09LYk7fz9OWmr6NiSchhPRyisCrv5/QkAAIY=":{"valueMac":{"type":"Buffer","data":"5TCOZF+bQSHCeuzd5gaFd2rXhV275mVINFcxtVN2HUE="}},"UOD+qOuSgG+SpZsbw+kAqm74crpIZlsQVtNyYImiF24=":{"valueMac":{"type":"Buffer","data":"RZvERLxTrxuTujnT2UYi0411xRU7bsgiO3SAOpWeMAQ="}},"UQN7aTDhJjLy6ygGiICkPl7bciepsbM0nDG8DUaUisk=":{"valueMac":{"type":"Buffer","data":"wXBADGIdFbv+dGnydVLmxLZ6b6JNcx5aFVgnGTDXiMQ="}},"UcdzXkr7o0fdGoMQEpEZIxkPGIVg542/NvFvYXrRf4c=":{"valueMac":{"type":"Buffer","data":"CndtcQ2aeKhR2oZ/+9AaGW/AjrBvo4DYXtjvsiIPYTY="}},"UhrVTioZLkszUB1GvWhTbf9iD8nXD0/+3fi5trLH6Jk=":{"valueMac":{"type":"Buffer","data":"uqzL7IQ5Cjn7inYnB2Le7yLXGcxVFcN/PmPKm5jMMsk="}},"UoY94Oi7uNyXpUO9aVmIxyO5u5jCJMAfFVD3KnzVv1k=":{"valueMac":{"type":"Buffer","data":"cZsrOFa39Q4gjFEPbOzfmK9f+0bxt5wiBfX70dwD9wE="}},"Ur97ZogSeOyhfScVdOEMcQvxLoLRTm8sxgPfRqm4E+4=":{"valueMac":{"type":"Buffer","data":"m8MXgY9eLwSaXxF2s4iojB5tLEuYz7rfFH6mahpgpq4="}},"VJymgVqypVw7TTQb1UMENTLKH9a5EARHBbKTChNCTH0=":{"valueMac":{"type":"Buffer","data":"1RGqIifglSg/UQJmZ7nBlDneq36XFxmuXkFLi0g4mIY="}},"VKmAkWFkPtRao0Nc0gxbHBvUELcKXGNy7+8BoeglV0o=":{"valueMac":{"type":"Buffer","data":"EArEq6fHSM7ZKfBzz8ZzRt1Xg/Cue6chfacF+qzsH8M="}},"VeQY50YwO9hAeJeGOO9B0NdxJ080Gx1Mq9W/35r233I=":{"valueMac":{"type":"Buffer","data":"4Seof3VDT4TydYG3kLeF6DrmBjlUwZa0DL/8WdYSwI8="}},"Vv0P6ZUXxYUoQLvO/gxXYG6CaDI6G/lLMx+/BK+PFcw=":{"valueMac":{"type":"Buffer","data":"0NiKROwEFstnF/gavj6zvdPt8rbssTshB8c4z9Nq27c="}},"VyKi/DpM2R2uzEk530pcWen0QAga+pbGAGRTyKBHdE8=":{"valueMac":{"type":"Buffer","data":"ijGKzbW2epAUu3cYYNVIhq3mDvs2KuEjzWEun2klj7s="}},"V60bdaWAZ06OvFCHRgKcPL6+ODuCFaBFgNwYjdVq3zk=":{"valueMac":{"type":"Buffer","data":"n/o+3nz/ngqEF54CFzZuAwFT75Vfj8KQUjaKjt79DUU="}},"V/c42sugI+2aXWsKV2RgNjRBT3k+wKErZtImnlLinZQ=":{"valueMac":{"type":"Buffer","data":"upNnVbqSGNynyp2lIHPNTNqw4JwcrNGIYWCebwjnd2k="}},"WIVwW6btpKh5se2xLbi7r10KEoh0eBlhIZUrxVmUJXw=":{"valueMac":{"type":"Buffer","data":"i98ubt80q3KhWNC24Z3KRNcqsUgR8b9/VXZt5XhJ3fs="}},"WStT+Skc3imBjfkCkmF6D80syPbU5+xX9GSRzQxYMZs=":{"valueMac":{"type":"Buffer","data":"qx4v8GnL/7X/+jXYKswRhPV+UZwji/rcIYgrs9cMjSw="}},"WUe3Sm4IuUhXoUasoffdxlPbvkqW7RxU1X10thL/64k=":{"valueMac":{"type":"Buffer","data":"al6IfuToNIY689fjrXVDyBbxm1EfQofSNSczMk5yQ+Q="}},"WWisqASvy5pzVH3qY7pTjid6jkvB6Lgzp5tibaHv6m4=":{"valueMac":{"type":"Buffer","data":"26gWrf0/kkSbYHhllgZge3s5fP6f/KQVqA/0eT6KrDQ="}},"Wcfu2A5xMtG/fymM8jMf919WaZ1dYnKLF7yawASuwYA=":{"valueMac":{"type":"Buffer","data":"iNuTlGg/ALwDRKP68e3MueeXLWHxNzPDuGyZf5dn/1A="}},"WdleN2ZHdjhr2B5ZQbNPSLlrxpL90F6WbyaQbQaeqFg=":{"valueMac":{"type":"Buffer","data":"vhVGO0kqYiD+9Hvz1DVaF+14MaiM2aRM5udSRpmZalQ="}},"WzsSQoQYsrB4CGr+Z6mlJ+dJiq4sjOgdElwEdm/NqNs=":{"valueMac":{"type":"Buffer","data":"5PORY2SGBmwFstxLOW+1pVhnC9A3EYBUILDGl3O6rKo="}},"W9z0TfqrK3Hhtra0TDR7mq1usKqYvSX5bItw4e+2lxg=":{"valueMac":{"type":"Buffer","data":"lYzrHWeyfRnkqdlJv1wokLRX6N2uLYubJHkq6RmiiPI="}},"XAWV4ZjzOMtuvs1JcIsrA/MuVPfooL3GirGuPlBZ0lo=":{"valueMac":{"type":"Buffer","data":"eNy+ygxUzIdn3Omkj+GQE89sv9ff3KP4xzU+Vlc8GR4="}},"XOKcbmw1GUwTCj6fkkmC30+Ia4R5yzRR66OTwR/W/V4=":{"valueMac":{"type":"Buffer","data":"hVAunQu3VyqGHCqSgYD0t5woSLJUNKprjIYF0MeUUJY="}},"XOR88Mfar3yIW5bZrnytTsAnzJl2c9CaMLhe4sK+RN0=":{"valueMac":{"type":"Buffer","data":"VDfnxwH2/Vm1DOrA/5gk81yJmmOIH9bHnpHxV6DxJaQ="}},"XT0QJExTDE6tfHGR3X30HLquk5Uvqf98Jxs9/qR2Awo=":{"valueMac":{"type":"Buffer","data":"Jwsx8dN2uQBrh4LjnIZj5JF6N3E57B2meKp0QDnu0D0="}},"Xav0K3bptZLvl/3XE1JdJO9VgrMnxnV40VncOAlswBg=":{"valueMac":{"type":"Buffer","data":"0ejwROd0/6qxIuq+qD5HM2kaTlsf16YH5WaW+vopVf0="}},"Xes+k62enxU3SiZrethA9/QkeSyZnr0lkjKCfUw8SUU=":{"valueMac":{"type":"Buffer","data":"aYP53EPYlobow+ishdeYpEX5mQf8BRYAxQftpGzj1wc="}},"Xfejz2Oc+us+xE16WiAFJ54itmItmmI+s6KzjU7CVlM=":{"valueMac":{"type":"Buffer","data":"hawlRczUCGy2zRTe7Op8K+/lW4VMAODQWZ85TfYrUK0="}},"XqBc8yMOrpwLN1K92cHqE8d9ksM2fFLMDMjWcSkDDo4=":{"valueMac":{"type":"Buffer","data":"NNPFm22FRuQYHbb067VFxGkk++ayDycJqLfuffhg3ac="}},"Xunymd+aIOuz5N/y9/PArd00P3LhBI+YwupQaLow4us=":{"valueMac":{"type":"Buffer","data":"Zg+f+pfQkVHlCCQZVciZQgQm4Hkoh9KLZT9s889wiao="}},"X/V4BFwu4SEqhTXQ7XsMUNX2oRqN0J1UCooqgLtufYA=":{"valueMac":{"type":"Buffer","data":"5wl3U/tPBZhoKCkOkK/HQ8wp8aWjEYmv7UvIyFTVJcw="}},"YDf/njKFWhSBlcNCqw2sLGnX3gvIR/JhixYp+BQmszA=":{"valueMac":{"type":"Buffer","data":"vtGf8OcGYnm5uc3vl4sWI8o9+udiyJXR9DQUDYnVsag="}},"YFNMb3mbzlAA0jbJT6B8bd6jXCdHMmmzpMavnEWLIP8=":{"valueMac":{"type":"Buffer","data":"0ejwuirNA+XD2r20eDpS2JjySXNj0OfEoTJVI+1DH9g="}},"YHytCK2LHDaGJ1OF4lv7Z/BkLZHGYxH7T6JdvHyW9qA=":{"valueMac":{"type":"Buffer","data":"24v+nC+KjZaEIcSS3qBCa5vGSEpMpk3vXA5BWqPaU6c="}},"YRF+5SD3J3rWwdj1Leg+Hzt6yL3pJqKNm42GQGxeJ7U=":{"valueMac":{"type":"Buffer","data":"xwB0grG8OVrIdk6Ac646hMIbqdg/Pf7Fk1lCM0zpXlw="}},"YScpuRFTA0P17RXi6eGj+3YaKwyRIK2d1v8YciuaIGw=":{"valueMac":{"type":"Buffer","data":"qHyK9Dh11+SkADMPRhbtLYsKqAbmxqB5bV+/kVQhZqU="}},"YUpAL1mK8TqEMb1TxMRCK/pG5ThQ3FbVe+v0i9TiEPw=":{"valueMac":{"type":"Buffer","data":"2AwJmzEIxjIH5xHM5jaQoqaAxdPrF7A1ZJxHLQXhKqU="}},"YYhDm4oJ1hxBw9WS35R6Hfu4ULrWdQg1ZhnIUQYKS5s=":{"valueMac":{"type":"Buffer","data":"EWHJICisTyu+jbFYwsNPkeyyM//s9+hhCkxpPA00QR4="}},"YcZgPqQxVbfp3Cj6MoiFwdvnZUXRt4Gyln/Y88epDoY=":{"valueMac":{"type":"Buffer","data":"7ZpngDuF51oxzVrNsUbg9f6SamfMPTczT/xUzn9znb8="}},"YgA1AedLryL70kZstpnXyZvuZ+8Bpynwv9gW5dhT4C0=":{"valueMac":{"type":"Buffer","data":"MDh37Ek4yF+iOj9dWEvCbRsAE7p1upXQ8xPP+u5fRqY="}},"Y9sinK2FcqV24kPTTHG1Ii8zXP1vRq+hDgDsHolx5DM=":{"valueMac":{"type":"Buffer","data":"9ojQrduYcQWEka4OVYKefBpjuapQQyYd/P6u4A/FmL4="}},"Y9v/1ycHwGI1HQuYER8U1rkg7ctRU6sw+OZvyt34MBw=":{"valueMac":{"type":"Buffer","data":"PaMCGNNtx1FROWluL2iXu5z+4tBxzLstx4N69cq9wCU="}},"Y+JdX/24GHBgQ4nZBFO/NfIfpuf3kAVsqeEtnvuYlFc=":{"valueMac":{"type":"Buffer","data":"65Zg2swiUrg1GZoVwfhWD7f3X2DFOWEKqeIuiF6GSuo="}},"ZJAJjFkwjlYvXvIGRciEaZPugH1mqEFitPFcOo/zBQQ=":{"valueMac":{"type":"Buffer","data":"fRQjAA7unlAHcJ2Vqiyo0g1IzO5+OkDopN7fverAfxs="}},"ZSkqpNokblk2L8mjNWkxJ0Eo6atFj3U52lyFjcYjN6g=":{"valueMac":{"type":"Buffer","data":"NOIYFnyFevKr8hwiPBcw3HEyJeSVzZkIAafF1+7GcR8="}},"ZS3Ke4FW53YmyGDF5AL7v2iCuiaMPx0m66DDCGU9iXs=":{"valueMac":{"type":"Buffer","data":"klXEQ7nOgwJV0faBIcFeZc1z4PqozelKAN6S7d9mkvA="}},"ZX3BuHXdC3aAFaKTfA7KuuLwOrZ32lIf41bJ/hljCCo=":{"valueMac":{"type":"Buffer","data":"hNHxhnvBsz1zx0Ndl94xgBrhyP3ERWxh0gbc/kROdM4="}},"ZY9/oRkZIISZwtAmo2a9yZ49eDSqTzxGfsALGectykM=":{"valueMac":{"type":"Buffer","data":"iaF1OikAxlOXMV1suv6kmCxdKbWs/EBxgIcfab6QBU8="}},"Zd2pBuUo0cpmdDmY6rA4vzX0fZ9F7Yi89hfnzp42Wos=":{"valueMac":{"type":"Buffer","data":"cK+rGtWWMAKz2z1SX/eDq0JRNLqDzUXjG5VN3H/NZKA="}},"ZoECZ4xu4Z8oH35QJ6LomB6M2T0slkfu1N9Ze514tc8=":{"valueMac":{"type":"Buffer","data":"3a+jOiUi5a/3lS3L7JXFto+A/JJPW6qpCiFvm+uTn+0="}},"Zqk2Hpo5rVx+0uqfzabCvAkBEfj4XgF1K/5O/7Y2uL8=":{"valueMac":{"type":"Buffer","data":"2odYBDJP4eRY/YVOd+Dyvf2zgWE82AXLS8yvclAAeP4="}},"ZuCxhN0IJLi7BHHyc5a3S1iZvLLMJ2SOXuwPwtTFRIY=":{"valueMac":{"type":"Buffer","data":"5vA69UStIsf428ldu3Nj/tnF6le3FOTBwQR85+DJLGc="}},"aIapwDICRyVKbrLmgxqc6lm8AlCM+qGpo88OvpYMnSk=":{"valueMac":{"type":"Buffer","data":"8KDFa8Pa9XPQxabwfsuAxafePzkpJBNPurCLv1dYyZU="}},"aNWzrGxXaTzB1jii0unC0MMRkOmdl/rDpihO0SyAzDM=":{"valueMac":{"type":"Buffer","data":"Gf4ocSLDtaRVOalZe5lWF4k0PA7Iy0G1JSEvOkcxg+k="}},"aPX8kao7j2VWVekoiWmX9g23PnXATQF9cAW0rc81SCU=":{"valueMac":{"type":"Buffer","data":"o/rEjeaN8+Au0egI0fV2LRTzk5ABzKuJyngVgM5UVco="}},"aRb7AtlroG24hidQ4wjI9yrjEDX5OURhW4AjYGquSoM=":{"valueMac":{"type":"Buffer","data":"oPQGpdLlnru3+ntVLsslYE6QIn9bHwqVa8XBub22wIA="}},"afJbyezeaXAFiFmpZYlCRv7iAKawSto3hcE+DRmMzF8=":{"valueMac":{"type":"Buffer","data":"q0XGTBjG9SXHYdvfturLmZKy0u9yIqJB5tYTSpRPR6Y="}},"arOk8dk1gYDqi6zVXEK5Icze3Avo3nasoRvyiFy59X8=":{"valueMac":{"type":"Buffer","data":"si7nyWND6CkT6Wy941gKgwQZyYy+vyJyWY5zefWlsyA="}},"as4wXJNEIrJ43pxEGWs5kAxkCME+8BfSUhzDgBme0KE=":{"valueMac":{"type":"Buffer","data":"8mmt0gEjfk81P3eks0mogorM5kSwxUf4S6boYwPoOZA="}},"bGI6kFK4Y7k2sxkjhUZYCEvB6Z3COabuilFqrQCXz30=":{"valueMac":{"type":"Buffer","data":"x/+ea1j91fFTeW5DfaPswTX0Dw52K99Odm4Qb+GBU28="}},"bGxmxB7DhJUeORq1uIq/fGKGkIrWXgF+NtMsHp0yTIE=":{"valueMac":{"type":"Buffer","data":"CmAgE7wPGhgvyiBFm+FWXRTatMUANycYu7BjkVTHqg8="}},"bRghCvqIsC4Fx/gzXzD+/VfuO2rk+DrOyXjC0ssd0eU=":{"valueMac":{"type":"Buffer","data":"LJuODfgPC3euU2+Kw07lmuwSSahwY5hgN+IfFz2ZZ1Y="}},"bdlLcfKAi1tcmPnH2neQ/jb0C0N1/90zGNr/siKH9sI=":{"valueMac":{"type":"Buffer","data":"/EHFHy8CkQMEV/aCWkm8O2nLComm/h79TS2gsLo41GY="}},"be4KguxeCL4weJZU1p0kvv2acm6qZcXrZbThD6e7M8E=":{"valueMac":{"type":"Buffer","data":"nHHirAiU4pCs6m9tf89KbLJWUxmTVHDuVmpe0Fxz9kg="}},"bfTFjiX4ZfK7lSAhOY7IRCmZgHj/GeUVCwDlMVTx/r4=":{"valueMac":{"type":"Buffer","data":"NXTM8NYpxjOK+6g1Gxacw2MLpMrohcfvqI/00P9TQPg="}},"bmWeOjKgwE2zZmariK8D5e8IHljfBppIdWTPp6G26to=":{"valueMac":{"type":"Buffer","data":"TQSGyOLnKZfUAq/roVO0YA4lIDmNnUXHkjm0H1a4q70="}},"brpPHH6Ak5t7/mU2r3vLQ4LsGgyaDpDJAKBjm2LJGNQ=":{"valueMac":{"type":"Buffer","data":"kGQvOxdjfWyZSkeYkTS0xpfooh9k/Mzy5vxJns4IsEQ="}},"bx91nitO7PJrosQTg5sOgod+V1V2jbI+7oZsKZDLZY4=":{"valueMac":{"type":"Buffer","data":"xk3xt03Ps9NtQvdcPySq3HbzQ2mYTcyBcCPrwR7dvJ8="}},"b7btYud0X/sVPkNxC/BaQFc2ZjjOzWwheTTTH4n0LpU=":{"valueMac":{"type":"Buffer","data":"kazlR0aFJ5xZiqoCy+OhVQ6BgKiSBKykkfnMSh9BJTY="}},"cBEEkoTEx7s7Gfeam9ASu4etFnI0g2VCe9pMbFPXZBI=":{"valueMac":{"type":"Buffer","data":"Y/cdFRIuUaD6CpA4Pt1K6/HnUCQj7zCxNYvYFEBkR6M="}},"cCCoHyA48tV0wjKFd2L/aWsvWEZ8b6NMn9P+Ma/1rqk=":{"valueMac":{"type":"Buffer","data":"DqzKNmYZanDt13AEBfydZPbcJhpD9VA2NU5dwcvoMuE="}},"cCyRQvWZL8WKv5Mhk+e277RqYcNiMEjOqbgHBeHH2jA=":{"valueMac":{"type":"Buffer","data":"D+uVRQZShyauOBJguQJ9SzS6bv96wxonQPDuXkaZS7o="}},"cMOUK2XP/8liDH1jPl4oO/zobSpoeT4qBYZz+5dNIJo=":{"valueMac":{"type":"Buffer","data":"wKZwd2DkUDE/pK4grXAHXl8BcEzIZAnWy2hTQyp7Zy4="}},"cb85JvIvcuUuIqPqGUgabQevQRf2J9lHVxa99XRLLSw=":{"valueMac":{"type":"Buffer","data":"Sgu+mG74kusgzVVHm1rRTkYymXa9x9Hk4pYDNQC/L0c="}},"cdr+yoWQKWbAof3ZJQdmttbRXZGfd0JAC6g6PeqbhKs=":{"valueMac":{"type":"Buffer","data":"nYCCPqf7BMTa+nigfi9IXM3o6TsykXQuijwuMXjira8="}},"ci3YFL0AjX6ttFxEAQ+Ku8HrxfStP2CRzfK4ce5SJyk=":{"valueMac":{"type":"Buffer","data":"XAKeUBRZ0IrlI65WgAJIlLcXOnc4EeNd/VQZmXEbMP4="}},"cldAjaqFxmH+ZHatcZgjDj3zAlqUbi0kedyhfUw7ek8=":{"valueMac":{"type":"Buffer","data":"KOzUrJ/btGD0ZJBz7aMUjj1L7kVblRfHIsJQX4FGgqs="}},"cr1r+Z07YuE3XRy/45Bb3NtfkADovPzaz522epPRKrs=":{"valueMac":{"type":"Buffer","data":"ui/8YL0t7+dSEFa8gxk1JBaTtjdorQEbavkBiXpeBp4="}},"c5KBm4lePcBpZf2BhG0u/4ySMQBjDfIhJMfDrPPmE+8=":{"valueMac":{"type":"Buffer","data":"CJdRQqIi4+0taXSb1zGZOOAD9u2gOCCO5PcbYUj764c="}},"dJcxbsDKbrtH27sozvP2ik6tv+fPkzkC15e593w4wTE=":{"valueMac":{"type":"Buffer","data":"Ae7ZgbiGyzlJBBgvSUl+gSEW3kYpiiFL4LpJpVWdE/U="}},"dKW76tEzGr4vJ50q41M+UDt+s/UllL9I+r7SiEkTqYw=":{"valueMac":{"type":"Buffer","data":"4RtmAhsv63DQYxXp1mOEuR5Qj9i2FdMeMfRwDURxm/I="}},"dQZ22ZEDlG7ZuXo/hGMiEZgk5iX7RK5oaxbsKmScPKo=":{"valueMac":{"type":"Buffer","data":"JZhsJZ/+dtG4C8oMtCPVlGXK24F1Mdnk/MIjo/8N/UQ="}},"dU0kehzE1zRUWNqdM5SVN4/nlXLkAMpk6VVKdF674Xk=":{"valueMac":{"type":"Buffer","data":"VKUnhY9SdG1b0P/P9NYXx69rlVen4wpV6ZjdnxfBpbA="}},"ddILKavV2EviUccd5fNtGDnOcj7ZMWGFkeq/BOl+qTY=":{"valueMac":{"type":"Buffer","data":"uNsVONDS9yvLIlu6dREci52sTP85aCwsKIklLeankuw="}},"ddd8Z9JzFRTNGiOI6vF3PMqMtp+FIMR+Q5ujItMr7ZY=":{"valueMac":{"type":"Buffer","data":"A+2BX5l6ZpkcUqXSKuaZprm9ZmCOCopc9lWrlrYPylU="}},"df981SSp88aVvyhYDTyqAzeK+RFZsj1RRjOIRfam55o=":{"valueMac":{"type":"Buffer","data":"RSubeQEDgZcwz66NnFVcF5u4IR7j3x2oZKDEPvqqIII="}},"d1SNeXqBdzJmJafbMv3EaUTcN3LexgLzK2Eh49t5S08=":{"valueMac":{"type":"Buffer","data":"0/vwJ3VveQ8eKlXtWZSyIMDISFRdChTxSOZRoQX6CRo="}},"d52R8GRPKV6xXWb7d3S9+r6sfv2lbbBsayKZZpf3yv8=":{"valueMac":{"type":"Buffer","data":"htb7NavtUzx4d2KluT8TrxZqPI8r7fF+RGoQizGAcQs="}},"eCsVETUbcv3rAg9FrrdyE7kS2FxVa7W9wERZcu0hM4o=":{"valueMac":{"type":"Buffer","data":"ChQ4kqaBDm4FSOYhAHerdjC6dWerfxtAeTWHDu66PuI="}},"eEQ975gjVVEU6NiwEZYqxeyPlvhtJdeN9e+vxRayfkY=":{"valueMac":{"type":"Buffer","data":"mgxtTEivNehU8Po0jebSwO+S4nYu57O9XeiBSOt89yQ="}},"eOph1xFGITKBInraYhvqGvYJ00T3WsM5xxYx09WSx/g=":{"valueMac":{"type":"Buffer","data":"FGydxPDP+sHAkVPhb+iKVsD/7zEGiwwdWknf+jMK2mE="}},"earOe3Uc+GJMG/Tph5DkeYJFzq96LYnc7t4hm4Ui4Yg=":{"valueMac":{"type":"Buffer","data":"gDTs3UR/f5g+HPgkbdn+61mTJYxD93FJl4ztdXSJVqk="}},"eeI6FxPu92LAgQrHs16Icy5IGyyEoAjTHKaLYJ+dLI0=":{"valueMac":{"type":"Buffer","data":"xiIdoQaE8i07XdDeTizpPZ2M0JBw8CONToRxqPkMLLQ="}},"eicV5OpJ/HtowI8MiV55z70CJg4nx/gvNXODeW7+c9A=":{"valueMac":{"type":"Buffer","data":"eM70PgM493o95Xvl2DSEQ1NWncgjA24y/zfx+OAdTHc="}},"eif4HDIr8kHHYXZYpulrH70KlNSKRPwaOYMsj7YklVw=":{"valueMac":{"type":"Buffer","data":"7iI/SImNBvCgE2LZ5aGhewWvsgBEG2lMGan5kGuN8XQ="}},"e3sqwk5Xh1pv9k+7E4hggDKDCxg1irsPRrHhpZxZGGk=":{"valueMac":{"type":"Buffer","data":"pdss1M72anuT4XwYlxPHA+gQpvv6Rzz9aREfmZE9a+s="}},"e425dycq6wTOSmY2IEVZvS5IM+8AG1zVSK5s8oKxKoc=":{"valueMac":{"type":"Buffer","data":"y/m6W1UyFPJB8IAAt1/gNRxTU/TCHDVNuoh592vezyM="}},"e6agWrvTNwbULzAH7+ESmWoLKMJadVlpNwkMNZRJFHg=":{"valueMac":{"type":"Buffer","data":"YQ2W6mv8y/M6wPoaPeCXwCXw16hTim5cOr6KizQS3Xc="}},"fBbPTQEymuT4PJ0WBzFAjeF/TVUIKS6s0jHi4ctAC+w=":{"valueMac":{"type":"Buffer","data":"fPNKht+HHmquG20f7d8xRz8hQeCDLELD7Ah8/8mXias="}},"fTY3UeZ2LAFxuzFvm7F0/F+gQY5ahwDP4d22884YqfQ=":{"valueMac":{"type":"Buffer","data":"AWj4yfBw7whr4eKUlNyuyH45amEJcrSPO3d34ni3FC0="}},"fUBqr6p/Lp/piIQPTL+cXQtM883aXaWW3i6Kj3eLl6U=":{"valueMac":{"type":"Buffer","data":"Fr2beS1YZ3JvVs8unTmXsJSOwp+D+zM44mkAEPSwyzk="}},"fbAK1kxt/nK7/zgQeOufpPsb1pqzbH0t7b6Df+vlwVc=":{"valueMac":{"type":"Buffer","data":"HqC8B+4gw3zipmyDLPHWn4H2dAoUTii1P0yEqOdxSLE="}},"f2V9jX3aXD70sEfjY1Cq3TMSMwPi4DGJmOccdq/MVSM=":{"valueMac":{"type":"Buffer","data":"bWhxgTc8Fa5AL1rkPgtyNpaR3Wu2fn/8CWwanQ+5NjE="}},"f34MXnvjsi3zJ5gFWCpVHthMu6Q4cbk11XEvrddFaDU=":{"valueMac":{"type":"Buffer","data":"AVm6hV7zgZi5ywEFURR1p6cO6EBJqUpyyK+4+7t29N8="}},"gGWZnYY42h6cfo0cH+fJrFjQ367+dcZaP3DfypFG3Z8=":{"valueMac":{"type":"Buffer","data":"EOEfnbKizNn/T1fwROzBkuY8OAxivbpYJ8FLi3jtJUg="}},"gS+ApZbO6noSHOEOeJpPaiWCvFAbwx1kR+TweWJG+3g=":{"valueMac":{"type":"Buffer","data":"jcv0HYvDX2d2x3K+uKFT2Ek2V6F+vTQ85mYYuYyYLWY="}},"gU1F6bJxuXsAuwP8k8X42F+mSSKpFZe+1LpRZvbM8Ds=":{"valueMac":{"type":"Buffer","data":"a7GUgpKnqCgB/vdKrjXsjciMjrY/ejSqU0H4M0E9QDU="}},"gW6fh+YGDTKLKLap3Lkh2+uCQaz0+QGHEjyl+J3tt70=":{"valueMac":{"type":"Buffer","data":"kWfIM6W3/Ou3j8PjNirYEIdNrOnNCjrcJtwTy2OMQso="}},"gtXHIFgxvfLeoDx0VIWd2cf5wJk/M4V65SJ2cFVNS+E=":{"valueMac":{"type":"Buffer","data":"9dgAZCUU/sT/nvGxaOlt6XTk/QMOVjIJ0Ns+Y5CJKpI="}},"g0eAuosDA++00VmUr0urIGbhNoT5YH77ZbOP9IF8geY=":{"valueMac":{"type":"Buffer","data":"/2rPZz/BhmGNwlkurXQLvsQQkzWks3SC7SBVnxsgFgY="}},"g4duDv+G30jHGVfO/QJQZFcXW/shKmt6RwbQhpZFrmc=":{"valueMac":{"type":"Buffer","data":"GkhzLRW3pYnWol/oJtHysCE+H9phD4CDru28+2jV/VQ="}},"g5aCkKJLEQN8vjIjsuSJU9HytqbRHSvP35FYaDfmlzU=":{"valueMac":{"type":"Buffer","data":"P0ItprKxjr8owGSazbB37meAjaxQ6/IH7RnEO+qOrlE="}},"g88/LR2gwCzJ4iQPv/jxqeiGDRlSrBUuLdFdT04vMXA=":{"valueMac":{"type":"Buffer","data":"X4QR6FZ++T+J4wJQDBXk3FincQJRMcoyDta0I/goYjo="}},"g8+GEnltxdPvGrN57DwnDrMRpZNmA+NeYk8KH+Y4Pwc=":{"valueMac":{"type":"Buffer","data":"fRi0EE1cdPG1lTIEzCAcsvUYc/AytgRyb1LRopfnnkE="}},"hqMc0u9whIIT/tApPDnAKPHAc4C7ztoEGR16Ppri93E=":{"valueMac":{"type":"Buffer","data":"HTwkXlONLQZlVku4JEstHcVzvSSlWeEODyefjmNnyvY="}},"hq3Js1jCFB8g+doC1knu86Mdu612H5R1w/obkLUDer4=":{"valueMac":{"type":"Buffer","data":"HxcvcKbW1FbOqLqcBL6m8p8jP1eVXkWFNgdtuSJa/00="}},"hrWAjv6cmEpNlGPC69h7dIf6GNOUrtWs6sD6olmSegA=":{"valueMac":{"type":"Buffer","data":"HsGdup0/euVi1Zxko75LMeeYXcOARTan0Pallf2Fjxg="}},"h2+haMOId38pte9B84sOjHyP61WtRB1K/We+84vKQdQ=":{"valueMac":{"type":"Buffer","data":"ZUWupzEKc3nLG1wj9SJbbAM7QR5X8RdVPytuCzLNcQs="}},"h6ddnB6IwJ7SSqohEjVozfJNLNqFYhTFMcgipwAcjCE=":{"valueMac":{"type":"Buffer","data":"L1oVh2PBRDFO7v99zGMM91DYEPMjZI0Myq/u6L9qTVc="}},"h/BhlbK020TNQuXrDK5Sux3r7xBSLqrEHF9PwuBOj/Q=":{"valueMac":{"type":"Buffer","data":"SwZiDMQw+PAbxU12lR1uyS8xwzfkreXvrporV0DhMXI="}},"iAQqPfyKT+eETjH0j/kR2dc2reoGx16hRS0WkmBVyA8=":{"valueMac":{"type":"Buffer","data":"MMkUsfvgxknMUeOE9D3XytpvHx58ZwPX9WGtTDBUu+c="}},"iJ0JxTgbeKkfekHL1WEij/sWIkbB7bA1HDH78pKGTPE=":{"valueMac":{"type":"Buffer","data":"lOMgZiqqzuom1wJEf4P26u7VNhDZP22KEMuR4HZTy0k="}},"iRTrHJrZUX1mV7NsvbNIffpEF6COz1Dp6fBqdkf0XaY=":{"valueMac":{"type":"Buffer","data":"5Ys2fLNWuqUHBeTPPo/bdtGd7OiFgE0S+FtvtDlSIHw="}},"iUxOkaothytybEVe0KtDLlDGKC+lZVM6eevyURrjoO4=":{"valueMac":{"type":"Buffer","data":"tjZCATdhEqGzhytA9wyFXzctzKEigrPOO3vudphxXEc="}},"iYTwhc0MCpNYmaxl9P4f1N4F/cHAUlOmFLHc9dXeDYo=":{"valueMac":{"type":"Buffer","data":"MdbXpsG/ZucGNy3YCzg17ZG0E1HLPclucA4ALPWfxYk="}},"idNihC1t4f+XdzmquZxIQWodZgt1tjxHnRHpAxAAVqg=":{"valueMac":{"type":"Buffer","data":"EMHy0wuDYHd7tvbO7l7061NItO0G6c4nB8fym5gc7eM="}},"isFgJfEkePov0pQteOREQt9jeH/n+BLmUIAWQsL2/io=":{"valueMac":{"type":"Buffer","data":"EL9DF8V0yBvgfU15Lr7V6Rvzi99ZOAmjvWRbqdhC9FQ="}},"it4paLYLVfo5gAM4smFFPyX4PJd/yppWxDNrQnVKcm0=":{"valueMac":{"type":"Buffer","data":"fPNb/jfR2C/BoI6A+RUxdYGv1SFdDawNnYhpwuyt/0Y="}},"iw21lTdjZYW/rYzbyZ+XkQLUr12UoYdbOYhZuX+sBa4=":{"valueMac":{"type":"Buffer","data":"pjgC7MsW79PsPSgQ3wPUJjUsIvDjeHwWSrBC7ut7ESo="}},"ixbd42aYDS5qLO6/V3WQmCeYlHatICrLwUSR2qWhKhs=":{"valueMac":{"type":"Buffer","data":"/ZgF3pyff0pjPPHRoO7hXDdHGm2/q3U+3AhkZQMyPps="}},"iy2noJoIWcIRJ+DsKRpi6mb2VPHuJCmjxra5d/rDDCw=":{"valueMac":{"type":"Buffer","data":"VDQJvLquMaC67R9VMYAPzsIiVV0+TUtGt9mNKBiPdzo="}},"i+iJQWfvZJ3YHp3JFr8OmPrwUrA8RoWMfYGdbH1SWIc=":{"valueMac":{"type":"Buffer","data":"dhgsZqWYd4CW2mXu0GuZ1ZNPNo8kND4I4Bk670TU8S0="}},"jDGc0jfZnDz+PVa01mZu4LvyaWxsM3LWuTSXxDJwB6g=":{"valueMac":{"type":"Buffer","data":"MpzboWIHSQ3MKu9ev+JN8G5SXQmrUHanL5mF8p3RdIM="}},"jIH8r0qqZPhsRdLeADZt7JgQNoImb4MtJV6ZDPL3dkQ=":{"valueMac":{"type":"Buffer","data":"31TIqpbwpgzMigXbmPfZgfQE2kjM750Uh4qwjqyqMLs="}},"jMmcMQziJgT6c4hHIDi5VjqeL03lA+A9z1Rk04CYPWQ=":{"valueMac":{"type":"Buffer","data":"vh4fnnLujTqV/8+Qfc+p71+z10Fgk/z3NenhPcjnHiY="}},"jOPb+r9hUgHQfIxPB2qbMRMlmbKEeti0+C4x5lhqrLg=":{"valueMac":{"type":"Buffer","data":"+VDZqQm9YBepz66D/Wc2nZvafb3Li8Xc9Tf3X1yKVKI="}},"jde9e9eGfSKkQI5LhTSiFUH0HwWgnE3ahG/pB2zfbfU=":{"valueMac":{"type":"Buffer","data":"i/lxs2awVJB/t9QL7qSWDufklEgLQb9ObaKUQ73yQMo="}},"jixVoTkn47VDVAolOYAjM9e5rlnuZ64dxg9TpJiiRqw=":{"valueMac":{"type":"Buffer","data":"voB7asGqI38ESCoDEqtSgM6KtjotjNbhkJQwkmtUwsA="}},"jl9/FrTlYZvaOQQNesYMyuMvs+LkQxamTDBjq2C84J8=":{"valueMac":{"type":"Buffer","data":"ZcU0V6v8byurOrPHZ5Ft0SB3FTErbhaSHNcWqluIkhE="}},"jxzfAIG8RIYjDVTmG1MVHRkg/zPRu51unifiBUL9xaY=":{"valueMac":{"type":"Buffer","data":"T9hz4295bym7GxMaadFjsv6sxvLathpG1ZnZpzPqpf4="}},"jz5bEzI1zVzFFXiksR57VbSh3/HNSoXMApo9NQo90s8=":{"valueMac":{"type":"Buffer","data":"9monJluXJzqwiw7sv27mtp32DeqXXhKC7F3Z+e4phZ8="}},"j6ecay5FM3nR7WFC6b5A4cTr9lpp3O3dBTCOdS3hzpg=":{"valueMac":{"type":"Buffer","data":"GPCbdrOaynpjfc339lLePuV1t06bSMeN//Ruh55/cWA="}},"kBcbVt/xMT6zQeauTCznO2xdUrykBh4mMpYHOEB4LSc=":{"valueMac":{"type":"Buffer","data":"/VXr8br2O4ko8d6jzSwKJsobZMdHi3b1//gPdQR0izA="}},"kIIS3NK1cz6gDgur8/P41Y6l+0vI+C2LIBzcnZvjWuQ=":{"valueMac":{"type":"Buffer","data":"TY2Yd5VYYWDhsFs9KOkbKftogT+NJuzMk8bUSfpfcUA="}},"kLBA35pU79Ltn5AVtyVR5T9ktUfIsUBZlTX/pbfDHPg=":{"valueMac":{"type":"Buffer","data":"5TyN9DM+d1PTGnlaTK7jr2hoX8r1rbO69sedrj/GRro="}},"kQI7bqFw7G7cbaZnV+cFbS7eszVGeBFOuCBriZNeuXc=":{"valueMac":{"type":"Buffer","data":"RRAQbKuRqzCXVwLEcteoEx5cH4h0EhnWjTJiTHJ11Fs="}},"kdMmgh2dJ0AxiUJp00QBxwvQvJ0xTs8Zlcu5dMB0DFc=":{"valueMac":{"type":"Buffer","data":"dv2sL2eQnKefw0DaFxtGD+NNPysPtfuKQAPTaDRFNg0="}},"kdTVxY6lwky/EU0V3vYigXVB1ze89RBq88mM51e2M7I=":{"valueMac":{"type":"Buffer","data":"dIUERNL1E2PDENN8s31wzjOF6xuSvTSZhtarNt+2v84="}},"kgFTV0Tw+GJfUWz9WMGD3VWN83tNonWpANt2LaRIJbE=":{"valueMac":{"type":"Buffer","data":"fhzfVhJvlBem/lW2GPzviI7U5jdMazJJ1zWTW1bdbtA="}},"kjCpV3KUjQSMezRiruBIf5pMjbq9mr9S5R6EQrmkm6I=":{"valueMac":{"type":"Buffer","data":"0lX5ESbzSZO4fYi3Tfb23HeiIDGWp+izIXWgXS0rAY4="}},"km6Ypi9K833DqllKcNQRPx6KkEaax3uhj8RSFy055pQ=":{"valueMac":{"type":"Buffer","data":"s20nmVkgOl1E+E52ZFfxF/KKsSwRAn7Gwkdb/1y/C48="}},"kyMluw7xd/ee+2NCvvgp1IMjTLqwoWORJWJ3IjufjA0=":{"valueMac":{"type":"Buffer","data":"JlYeZz0hkcE4LPG8HZ4WZYDDRkwGk3kd/wINvlKw5sg="}},"k9ksheUXNUvsrVxc3TLPwOFz2rdAM4HFJzCCSp1HNY0=":{"valueMac":{"type":"Buffer","data":"xJpAui2jv9bf24d+V+noVjLvl9dgoYmNKd70OrpQfkQ="}},"lWjpgy3M2i1V5/tmngDcLGSL3iPPfaOwgtkuRV2c148=":{"valueMac":{"type":"Buffer","data":"M01pVin9P3c7UoEtdaRuDYoak8QE08BvHhPpYXqyMEU="}},"laSaRjg9vCqpUHXiVOKVLNBL0AsVlgDDts+wOX0RnHI=":{"valueMac":{"type":"Buffer","data":"KUNKxjdT2nBS2ABQUvNUIFvzYxES0jG9jzOzOKYo+8M="}},"lfqdBqJ9yTuhYqb19mleNs3h+llm+UNnmUQ54lM7RLw=":{"valueMac":{"type":"Buffer","data":"noSmO4HqaU6TeILN79GhbYuOZ2TAmmKtlTVQEtCQcHw="}},"lgjDHKws9dgTgtYSJPiOwVC6+cLPMaNoCdoN4zJE7gw=":{"valueMac":{"type":"Buffer","data":"rIYmmsJRHUa7Gr3sgh6rcdVKCA7G406LlcYkDoxaQ2A="}},"lhfsHeL8nzA1w/VvZXSEvUchPgAcuVNv8FhIB2vFZfY=":{"valueMac":{"type":"Buffer","data":"+MqY6toot9PvsdsCD2RIy8kRLBROp/iej2bxAl2NUFk="}},"lkXs6AlnyiWOcEQlZuxk7byMsev8ywCSA0cdERmCk8k=":{"valueMac":{"type":"Buffer","data":"HYiwjPtzmBdFkvjleU3sMmeBrxIMnDRQyq1ac5aWMV8="}},"ln8WLOwxmg9LQdHakaVRP5aS4yWjviIR1n4sprzIgJc=":{"valueMac":{"type":"Buffer","data":"sN8Fivr1j97luhymc2Dl8BDu3/Inuj0jwe32Qb0jvRk="}},"lwWb25MebxiOE9o2Q/5EH+nEbIwbtom5pi8OrgzbNKo=":{"valueMac":{"type":"Buffer","data":"fKpz3X9b3CGHlLUlzprBc/9Ce+tNlikZcUFkQurY7/I="}},"l+lzNyKsbeKxozIhQM0NZEUsKcn8O2gUdWukghlVogM=":{"valueMac":{"type":"Buffer","data":"CntFa91vWMOVv+DFysmsF+fdIUMUvPbg8/PenuYAINs="}},"l/m4UsNK9U4lGpppLNEWKhYwiLilnCWfKFi78sHi5X8=":{"valueMac":{"type":"Buffer","data":"bMw8mFx8JniC6vF2M7JTY/58qoextOGVPBrXkVXHTt4="}},"mEFPNuPHjXH4IhTGI0ZN6O4x7kum32GR2X/JcRvmL8o=":{"valueMac":{"type":"Buffer","data":"sSiCXwKPPEiJwNzcU3xE9hKiOR0/P1hTHpEBdcqojqg="}},"mWT4NiNw2UNlEn1zgyzDJD2UAi9CBLkgO4bWdN8Rei4=":{"valueMac":{"type":"Buffer","data":"QObUqm4PVVRQTt9Eh3dNhN4IJKMev+T4S2t7Rwyqmi4="}},"mfdVUoXnvUdRqfmV3iRwC0rSOlxnRb64LaiSGw4YNc4=":{"valueMac":{"type":"Buffer","data":"agmTykgKIgazyBdTryiXKAmkjbnO/U4cj/0el4kS6xU="}},"m7cQkyXKXX7+qn6sK5FUJ/NKx7smVy8fXLTC/x6W0qA=":{"valueMac":{"type":"Buffer","data":"i+LbjJ5CA+R0fMooh0gCmoucPR8CrbEJ1/qP4wCy6IU="}},"nCx6c1YdwZ47EyZe/v5yPIp86RPJCqPR0NZAsa7u+4c=":{"valueMac":{"type":"Buffer","data":"3g8pe30lA7v2pojXq7e46I7YOB5B14+1LqVFXB9u+Uo="}},"nDX1YL7iHKXDoMXF8bU3Xa8EANyBOEyRKSvzHPcjewQ=":{"valueMac":{"type":"Buffer","data":"trSrsxX7idA8Yub0v3sslEFEG/MjvclvgjJzlqjnZnk="}},"nET3Huv9uJzlUMicJ2QpzRxD0LbKtFKl+X95cqca5qM=":{"valueMac":{"type":"Buffer","data":"YKL5MlMmec2my/DsnZveyOuCazRWGPn18dXM1gfPAdo="}},"nKGx29hU19KpiRnxI/K/p4f12zQmLrpDmCHjs128OZ8=":{"valueMac":{"type":"Buffer","data":"+Kj42FazYq+FjZ9ZM7m+Zo0twV+bSQyjgke7/JsfiQ4="}},"nQfllyIzSSN9Y6CmQ/F6+dYwFUQl2eL0EaenA64qwgk=":{"valueMac":{"type":"Buffer","data":"1+JdelmmQ3DvPR7QSJnY79nX3YFF02ZyAe4L2iitG30="}},"nXBizINre5xUdZxIQWvEnlY6chDIpDvgAyVZZk5xMBo=":{"valueMac":{"type":"Buffer","data":"NsLFEl9Unk0crKk4o4P6I0u7lw8dorWlC4afv9WUxkE="}},"nYk9dm1NSue33v3/3+He9aPj03dNvYiNKeh9aLU/pc0=":{"valueMac":{"type":"Buffer","data":"uPcKtRNeEYpWVM0HZ9FVFIpqOcakB9bF1I59dzppB+o="}},"nm1nv60GOaZXC9VGaFJZ9inU/c5i8AHycJTb5HpMzlg=":{"valueMac":{"type":"Buffer","data":"yt1QvXpQFevgpK1EJUbliGDRRiOO0FBodre/zqYELNk="}},"nva++etrBvrfP95KO6mgyNcSt82D0pInEiq/yXfs1MI=":{"valueMac":{"type":"Buffer","data":"K02kJ1JAkXiJ3NNrdLp8RPCvSI+8BakLN9V3/Hc5BDE="}},"nwd8iE9X4RW8a2DBYYbK/m04YvA61zzsUuXugdzowac=":{"valueMac":{"type":"Buffer","data":"0JpUsaVnYzwXKKkMJJ07htZWW6GYruA/QDSkgvue4vA="}},"n6whn8NGyIzmz8I88c7XbWfS8xXt644AUKsMoJL/998=":{"valueMac":{"type":"Buffer","data":"YO9csTEl3aJGKeZCo5U9Pbo/n9OMdlJnQta6hwMnNCc="}},"n912q69KMuo4SF/V/rsueCpLl88Uyxosw2WCBSyRN3w=":{"valueMac":{"type":"Buffer","data":"kBvcglwVoh3c0JdmoHSktOmyH4vqjNGyDaC7P3qdhqg="}},"oBMz+KNFErrEBUlfcxFgUytokFUpSjBdBuTVlNZH6fk=":{"valueMac":{"type":"Buffer","data":"s+Jrp3brYZFPYZkYz4hpnxkZ2H4tZbBrFgptB5H6Azs="}},"oHitczAluwbT3BAWFzJ+KNWkFlAiWJUEvQnjD++yNXk=":{"valueMac":{"type":"Buffer","data":"RCnGiUFA36Jii9fja6rRmHnkXLYIDxs1RhR8z0FwLMk="}},"oK14V1Elvzw9sq+c3Fqaaj4d6LXKVPEVHWpfIDGkBPQ=":{"valueMac":{"type":"Buffer","data":"H7Z/EgY+0rDC2Km/2NR5zyGmhOOBZ1GPGJ/NpNdQyzA="}},"oQWuduVFINkSlWcDbJ4i6eRwp2C7fA91c+jyDTdMjlU=":{"valueMac":{"type":"Buffer","data":"SeojLuvS+G+Tk102vIRuu5JfzX4eaHbzQ8H2PF5ovTc="}},"oYnbzkkdQMhtEP4Dj5W22fNLgnPe8UcaIBbLxK1NqjU=":{"valueMac":{"type":"Buffer","data":"yts+Qnr5fZuPHnBse/V/g/Gntlu6T5XW6c49Z9OCUHg="}},"ojaU31tPgsGHml+nvKgpieL8aPqPIW4MUNVcQo9xNEk=":{"valueMac":{"type":"Buffer","data":"4MeKgu8n2DhpLQiphvVqPAcTsZqjf6Ht38dQq+wdobQ="}},"onyRlN3ZJ0MMsQ2X8QzoB+GdjA3UThc2nyG9RXfK3Y4=":{"valueMac":{"type":"Buffer","data":"f/LmouBOCmA5m2fMqJDxAjnb6BTk8ZFTV4INhOSmGeo="}},"otZDMRS6duBHoOo/FmCJjL/G6NZEym+kqFztGAKb1rM=":{"valueMac":{"type":"Buffer","data":"JOjrL4HXVPwQvKzPaPrGnIFr9T0yshetL9YaszYn/ug="}},"ovSG7XCMWaSoztOGmQCrp1S8SzBElXRXKeUDcpKRm88=":{"valueMac":{"type":"Buffer","data":"3jUVng8OzoUGN/EcDoMsgGVzj0dcroq/SEDP3XDFvxk="}},"oxm3J2GuC+8FFWEImbJjOjg5wxpBDjnq86PnaO1ToJo=":{"valueMac":{"type":"Buffer","data":"oxgdrFaJ6hYWYH7rY2PvfKg9eUU8EKovqvRjgjNMPGM="}},"o1in2KgueciBssJ0FUXIQD244wqGitG3a6wiUfu+MrQ=":{"valueMac":{"type":"Buffer","data":"aXHREwD7BGZSC3pZ7cMNop0gX969AehCCdXJZXzTVZI="}},"pCHNcaLzFJeCWosft8Zv6anLDlB2iP3u69f9YxWwgiQ=":{"valueMac":{"type":"Buffer","data":"bEAjt3PdLmIOHMkWuxTxL9yf46eCtI25UmfWX8s5Zfc="}},"pPiqRdhYvPalqSUlgLBbAU7b7dWQOqmUbJom2+DQnSk=":{"valueMac":{"type":"Buffer","data":"XrAuV/EOJaR3IlV6N0p50WgmOzUQfVCAJphQRPnpSwM="}},"pSECxALxQvkHaVVJZiT48ZmQoU7pmdQ4daQ7CYttZsk=":{"valueMac":{"type":"Buffer","data":"E7Yn+gNr9qchw/AT9a6xKlIOnnXEAk6iv4k7zmJAKO4="}},"pcxNaBrj0TyDpUNFoUzo8IpMy7CnuQO8OMp9dxOJyV4=":{"valueMac":{"type":"Buffer","data":"tRjqxfX/AVimQpBtcpcyv6APG9pTWzrN7fyXaz8d4d0="}},"pe/Wly3sscqSMKO156OLJ1A9Hi/PtvEynGpn3vICoqM=":{"valueMac":{"type":"Buffer","data":"EUotzrzdBDIazQnJak32Z9kgv55vyVVEvTLfnUrBTno="}},"pi6NUoOOyp+wRZV5RiF7MmrF4eSWwU0td3ZQxDUOGOM=":{"valueMac":{"type":"Buffer","data":"4pujV74rHHHhl7t7SYBeIqCM82uZyD8uiLw9dtgvDK0="}},"pqD+AynPJgbK5LWskp5k2gYlvujg1l3MuUlmjAPjS5M=":{"valueMac":{"type":"Buffer","data":"lXiEJk+ze6C2lBfFsyBDIAoenoreRDnYF76e98XAjhg="}},"pwViQDQ0VYEsu0swmOUaMmqhrz+hvvyN5FRze/jqoA4=":{"valueMac":{"type":"Buffer","data":"ZJIAVMG6TmjlkZdD5lBw9y70UQv1Gglog3OJk/YY+O4="}},"qLzSbshS1JQJlhchmzqZtewqM6RrNjSBf9OVN6SKIPo=":{"valueMac":{"type":"Buffer","data":"V1k3IbaBQnDgq4LdxNwxJFnKLuknSx2DdOkcdFV6d/U="}},"qWOIquqziaBfl9qXDfDrQYjqpRid5SQWYgiEcjioRE0=":{"valueMac":{"type":"Buffer","data":"Ni929vcGzhIVtIIQNNnEikgj9XmgrlxNZWpcLsRC0Kk="}},"qZ8SaertkoxsW7A/i5kzLRAejDaQ23DtDPk82LNwL9Y=":{"valueMac":{"type":"Buffer","data":"ADHzC7QL61d96Prlee7WQc/W4dSTbW/JsA1DWz2Bt9o="}},"qoQHEcKHxesR4NAbS47snoKcU+7ae1BOumDJvxJNpTg=":{"valueMac":{"type":"Buffer","data":"+5J+fDmzIMUaGD3yOAsnmlYuJFHasydUiSC9DrfGEcE="}},"q9ZbAKyBCbqONKhB8IcF5TNAJIfyBV4W83j7SYGfmN8=":{"valueMac":{"type":"Buffer","data":"SRQrCLeuCTwfScmCrreM6sz5wTJheiR0RhpDfBSDPUQ="}},"rDIVx+kBzU12m9d9zDDGwahYTBBff3l32+GFKNO0UhE=":{"valueMac":{"type":"Buffer","data":"/gmOZPQZfhrr+wDfHxMeYp+qBT5xtr0W9r//PNEJHpo="}},"rFHjCFuSyOijQdxoPhDYSn/r2QL3Zj9kHF0e197Vt/A=":{"valueMac":{"type":"Buffer","data":"Gj1J9VSAYZnq1yiyg6PdHF7ZT2bhJrfC/dT5u6phRoo="}},"rXUkGG85uV5tXYQYdrJOAH4Slm4NGS8vpdPEriabrw4=":{"valueMac":{"type":"Buffer","data":"UlT6p93HWiw3H6iL8Ubo1I7uoC/XVN7Lw2lVjTSC+k8="}},"rcIZVEKoybMhrjewtosw46/lUI7rl51hDhcEEjcQi34=":{"valueMac":{"type":"Buffer","data":"VV5u5Mi42ouqyUPc1wifrI+HnqR66VYWkDgKfAtKpFs="}},"rdaOTJkarC3UfROtj6hLOhtmZ3NXym11PxzKvvbgvzo=":{"valueMac":{"type":"Buffer","data":"QIayyPmOgXxsKg9sQONV6RvnVEka35wWMzOafdZU4Io="}},"rep3qlDNP9pSr5k4molq45kKRPew9+Ye8Gbq5q3KGEk=":{"valueMac":{"type":"Buffer","data":"7zsreXcYPSSLXM0xVs16B9h98D1lnpaFmZ/fitkPkco="}},"rgz5nN/srRX+DGJs2guX5zwt1Vl/+atq25gwtJ23jYE=":{"valueMac":{"type":"Buffer","data":"6JMXQQxu7nzqo3T0w3L/735adGnAqCTmcOZKNpThW+g="}},"r76zbGWMJHKQ2cY6gL6p1cvrNq5eQSONwh4peJZvz5I=":{"valueMac":{"type":"Buffer","data":"0JKGele9SRhT+bTJLEj+n15d9h8Q212OZ021A3ffAw0="}},"r9OSLBNQNHr+PDFLA6+diWbKOegkZSktZNT5kK9LoVU=":{"valueMac":{"type":"Buffer","data":"1G1bNgd8lqFKqbkoxJQCBKTsnfwRtJS1BMjcHKN3zY0="}},"sJr1R8q/opqaWfcq2NzzmidbF53DHs+/dKpu986nrCc=":{"valueMac":{"type":"Buffer","data":"lrY73j4TA9BT+vqyfK7oOh5wSvSHrNhhr6FD8tYKEw8="}},"sZAU2zFm2FZjUqho9BUnsh5SRviJtcmzv5EBqDAt/kY=":{"valueMac":{"type":"Buffer","data":"jkU38tuzVIqHp/luY2SS2qd0Kru3gHplUlu5+GZAk48="}},"shW8rk4fBa2qKEE1B0T+cqxbGeU1vJgVRvj7KEavlMA=":{"valueMac":{"type":"Buffer","data":"rJpb3Iy4Hwp1fImnDBtQR2YgRmtkfRY0dnkxMdpWw1U="}},"sjJZxRHenAzv/Ov8a27MF7v7o8Ok1njZke3IFGY7TBs=":{"valueMac":{"type":"Buffer","data":"FyPyeCDzsqpP+CZU4FKsVYxcoLsi2dxCpSYeASQRR/w="}},"sn9GqrXSAIdQg4xUWHui4jCEVUFJt5zjrrahVe9i+NA=":{"valueMac":{"type":"Buffer","data":"sutvDMI6c7ZMvcQSbKXdWyAX/82PxEuWTNpP3k1OT08="}},"s3OhCWT/7svV9Ky43p/WGaa8Ui3q0DI0c66IZvDUnEY=":{"valueMac":{"type":"Buffer","data":"vYJxRTwemh0WICN0FjMfqvDR6cmwzz2zZBAllUDYiIQ="}},"s48RHDSnw9FBofgy8QAFf2UUk3E8zfNolVFjcKELey0=":{"valueMac":{"type":"Buffer","data":"72gB2QbiX4/a5KYxHi0e9jJS0Ub282eYO4Stsug8ulk="}},"s/HMqXu2zbC+GRV6zRO8ItWqWVafigTOPfvkcrHLLWM=":{"valueMac":{"type":"Buffer","data":"9L3RB3IbERQb+JS6+o1DUjZJnnxDMLM71Y6JFwYjZOU="}},"tAioWC/4N7H9wDIGcAlLACBu+XnLsyH+87I9xjulCEM=":{"valueMac":{"type":"Buffer","data":"2EHqHgzmAOHtVvjwrKrBmWIHXwt5QQpNqrIomQxzVpc="}},"tEHLlzWitjYu3cWALbLM3qeBHpfhf0/EXmOcAvetPWE=":{"valueMac":{"type":"Buffer","data":"xWmtd6fCvVHKDvOXd/MqyhW0UXsBrM6hG9x3qfIDNFg="}},"tFqn/tgQGcMmNxlwIFFpmOIOyoI+qQa1y8/SeB5rF98=":{"valueMac":{"type":"Buffer","data":"Cdby+51gDef9zpXmueF59SmmfmbvyfAXtD44cmEmft8="}},"tRklRqPl9L38Em9alxpOVFCgIywo8vu++JxZGzgVX7A=":{"valueMac":{"type":"Buffer","data":"TEZZmA+hFR668S3dy4riLm/glqOVJLpYrsE9t1kzFN4="}},"tTGT3tU0KeyOFSBUswPEdOK7TJ4QP26ITuIlP6l1kyY=":{"valueMac":{"type":"Buffer","data":"TH8ltRbsvdg+7jyE/96gtp8TdJaGvBcyCjfnsH+3K6I="}},"tW3W7Q9YB5J0FJdhrszpzVdje2hBK5hTCQxlBuMzOzM=":{"valueMac":{"type":"Buffer","data":"oK/SagqM3OFZKoBg+tX6iYHlqkp3pilaSm7waCdqcnA="}},"ta8jf9QTzA1XeVkCQlT5V/1WY3PqOL+m2wVnJAFXJgE=":{"valueMac":{"type":"Buffer","data":"SEsTwpNVa97mp3ZaX/9Lz1zoT6FC1wZ2Dwf2ArDJ9eI="}},"toPofbgd6CrYdoGqoQpcpSD0DBtCIdmvBjkDnAmNrCA=":{"valueMac":{"type":"Buffer","data":"vkmeNwQpE+ZAGXu7Dp34U+kEpe0BS4dY2cB6xNHZeT0="}},"ttx4+nHlqmcBDdqJfpmvbcipXGn2SvRyM2VicwxG4OM=":{"valueMac":{"type":"Buffer","data":"6+HFuAX6ksVEn5H5JKPTnaBx20aIXMig0z/2sIIcve4="}},"tvzLq6SO3DEibkVi4ivZrjijcaPLaPqcjZOyG20oW04=":{"valueMac":{"type":"Buffer","data":"b6Rj0W9qg2BYyRUO0u88u+RUhWwe9MPJGawcfQ0eSvU="}},"txGlVY23DyD8xP9FvwjgbGQctTGWFbhRuVADSBhT2LA=":{"valueMac":{"type":"Buffer","data":"eNnC6nMeLx9BQPxipDPiW+cS7yYVW8HwL7Bhlwv9WvY="}},"t3Vib4724zTzDw/7i/uvw/1JlTBibL/37N8Qujyx7uM=":{"valueMac":{"type":"Buffer","data":"L81qR3RmV2oC3sLkaXLFUzOUNitZY8M0sUWZDwtre1E="}},"t81jnobP/S2BUnk9HOi1BHUW8JUTZxx7L1ihhL4Po3s=":{"valueMac":{"type":"Buffer","data":"n4UaRASpAqxGJzaaLdJvW/Nj3M0/wojTe4FEJI5I4wI="}},"t/wjXLLt9sAX9Nxtca8ulISOf/xOOXj3CplmpWjKcU4=":{"valueMac":{"type":"Buffer","data":"+IxkJd08ByI/y9903bbU14tZ4Yk/35ifLPJwuZBtyWw="}},"uDayGAYhD0zU+Ez0a51bgLyw9J7VdWTLonuSilxsU5w=":{"valueMac":{"type":"Buffer","data":"4zkoTeE9XLD8o5Z1AsBWQZTF5ZZkZ6DbXh+Ee4VeCW0="}},"uDyzv8LgRC/NoASULAvnmDESColGGSPSqrNTAgkDefM=":{"valueMac":{"type":"Buffer","data":"YQNL17QSe0FA3DaxS82wmNKiIzxcvyn3fdwXISxfZYo="}},"uG+TFDMoG5nYhR80DammJVUcohMzKs6w52zzsm3O9Yk=":{"valueMac":{"type":"Buffer","data":"VzXwN5hiQ5s97CSwMeFvdhdLDgOgJNfrUkd4Tz2I1v4="}},"uI2s6Wd5owm730YXoUnFbzDivQoEnndrBNvzxypdBpY=":{"valueMac":{"type":"Buffer","data":"poywbD38yDDCl7vRkcf3jxEYQObeZPyQI+kT5NUtnfQ="}},"uM99FDCqekonCa8uH9zghD0QBxMMyXMaN9b6JOS7FVM=":{"valueMac":{"type":"Buffer","data":"TSrF7rqlrPJ4O08W80DTQiUA3jE4HNSWVftZhrcjkCA="}},"uOCSY5X8M4rA4zvDPZer8e0oPKyU6ApqtQB2iZIZzuM=":{"valueMac":{"type":"Buffer","data":"dVMmART5Jr9A8meqLnGBA/0z+MAopDAhBeH+nIWEuWE="}},"uWHkAk0gwq/fgizsAF5uDqaJJGI9g1OsvOqY2NRUmFc=":{"valueMac":{"type":"Buffer","data":"bRe5CRzdqSy3GONPqI9hyUjLRgQR06epEe+2tNRgNXk="}},"uujrKGzdqoGj20g2rgTAkEOM4Wu0BAC6LGdNmVBtvqs=":{"valueMac":{"type":"Buffer","data":"9Y00ZAuXDSzZjOnU4ula5ng2wJKPZC61u2HIMiOkNBQ="}},"uu7d9FB66HAF1cNWxIPQmyCbF8T3LosOWBAk8y4BUFA=":{"valueMac":{"type":"Buffer","data":"/qpOzMcgpWnKpNd4ytfKwrQ8zqfK7MFncJXQFW/+8AI="}},"u7O6WfLSicTtm+kZcFSwNFXjVTp/QRCYzOUehc9UBGc=":{"valueMac":{"type":"Buffer","data":"OERJYf0ivGNaSvWJWHCdk29/Lur+N7xRmmYIzz00LrE="}},"vC5GQKJdAhMuSlwQ/FIexIUY6vqV2LnawCm+gBjjNDk=":{"valueMac":{"type":"Buffer","data":"Ex+lfZeIahB0Ezw+ipHXIlfqX/dIeXRC8fSkEkH9yhc="}},"vC+/arejUZM+A98M5voMpHfzO01g18Guf+Jw8fjX3Xw=":{"valueMac":{"type":"Buffer","data":"pCLU66F+ba6Y/UzB8MaDq2vrSMQ4pJA/EHDhDYirpqw="}},"vRCsQpQ1Xzo3WOemzFmJfx+45b9HpEe8v0O+XgItbKQ=":{"valueMac":{"type":"Buffer","data":"dYsuSE/MR1bJa62uRK/YJ3z+zqscIvJsGly0gVFGZi0="}},"vTndCkMdiS8IyT7eVOnNWkdmHT+XPLWXdZilPvZClFQ=":{"valueMac":{"type":"Buffer","data":"paamVbJb3R3QB6k9TdfCeTTR74rWkPwa+EuWI4NuA8U="}},"vUzWfbwKyvqpo84WzxiKH4gNu6xx8d6/YseGd0KSJE4=":{"valueMac":{"type":"Buffer","data":"5+Jx6NdgLre5v4HanitWkwp/AQh3KzL5pnZBDQCbCOY="}},"vXB5NsKP0VgbNEck9KYOHBooHhGii6trB4OzoJBFQXc=":{"valueMac":{"type":"Buffer","data":"T+agyK5ck9izgUJs5+P6pmCe+U0Qyxhxn1YXB/SyQDI="}},"vdEUt/e7pgjk/slDKzYWyis2/qDdBtuopwSXlLTI4iQ=":{"valueMac":{"type":"Buffer","data":"4kOGpZ/G9K8tWEO131eXMvERIvH9stKtTFRG6YpdMH4="}},"vrZMykqr3XPOFopAroQLK6tYn7wipZNdgpQBIj3ZiR8=":{"valueMac":{"type":"Buffer","data":"9Wgn0ihmpJGjBx6sGapvRVdC1nGICbnwtStbqz2azRM="}},"vwJAqlpXsM9BS1ZJGQL2AuO78PIZA2nfTgd3YcJQXUM=":{"valueMac":{"type":"Buffer","data":"b3zQok8g1y/6W8/8RVZCtZJ1ok5F4AnbvnCke6Ko03k="}},"v1hFsWjU4+Gv+oiaXqUv+lcWjK8r8Keobi6kKQ9Kyw0=":{"valueMac":{"type":"Buffer","data":"ggooTvZ6qncR6X2rMRELXI0GRT/s5VzjUT+XOhWRLCI="}},"v4BLfb0cXdm8Tf074NbrP0348MnIyYbRxYauoGf3Dnk=":{"valueMac":{"type":"Buffer","data":"LLOudP92NTnDjp18w2ko7krkCUnubVZZsPR7PthlHxs="}},"wCOawo8GeKcYgjSp4onO1jBlIKdQsm8Mrei6JNq3Vc0=":{"valueMac":{"type":"Buffer","data":"zHV9zzJv180rGKW8LretiDXfGdFAhwf+TfT0IP/u5MY="}},"wCi7+26sRMk1IULbDIexBciuSUN/+txI2pPLTXIFu7g=":{"valueMac":{"type":"Buffer","data":"dtdeDLy40XLmBo4rZMenuDPH5aQaHRAYQjX72ng+wHw="}},"wECikjeMh38BP582SoDG4Hl5/areWLs9zbYSTxnYa0s=":{"valueMac":{"type":"Buffer","data":"idcPyfbOaNmpvohjXk588uunFiJt2VwO8wiU+hVd+C4="}},"wILaQAK1lj7H7j6DTThZ0HDFeECJX3Qp6kUemji8V4w=":{"valueMac":{"type":"Buffer","data":"rLrf5464HtRVylOIwzet7ywcMD1w4IA4Vh8oUF6V4lM="}},"wJgzn+3bXFK5ODFlZgOpcfJzcBi77zmg4n+DpYDLmXk=":{"valueMac":{"type":"Buffer","data":"MB1VlqJ2oCBr0Oo83E4+7vMDQ8g0RjF0fGjiIn1OXtE="}},"wVyhBy72B469k1HB/ZYN26oGaBJNGVig4tBJKuxvex0=":{"valueMac":{"type":"Buffer","data":"yZPeXzWUpZJVi6PQnzmCA5D/YLYes5OiUZYP7EmneII="}},"wfN2cucyP1LvZxYWG1BYJ485q2gET6mOntLRoImVmFE=":{"valueMac":{"type":"Buffer","data":"FmS7ogXBTae3JQUC5YGIaCp+v+dTGSP6x8CE1/t9mLg="}},"whu6IYbwfoYUmMq8oadJb5R/aH6lj/j8HYtAeTtrKxs=":{"valueMac":{"type":"Buffer","data":"uTWcObRU4sjLq1AON8MGBMnsUphmjNWuFNCSQdlyqQA="}},"w0eltj2nnBSmA1aZ+HrupirmzPtD78/E1waTH9BW6vA=":{"valueMac":{"type":"Buffer","data":"4YXkduqUap747SJOJbmGo9jnaaCrY81T3jyoi5jEtgc="}},"w7BENCcORWUvzYvsClBrlGN0D9jVu15NE6lmioi1U2I=":{"valueMac":{"type":"Buffer","data":"ohvqaLag6AHqXmlSwbRwU878vKcpMMIg20nBSPAQcRM="}},"xAWdZKNa/XazrNRFT1kU+lU4uV5CpwxmAij6IjBVwfs=":{"valueMac":{"type":"Buffer","data":"2PvlI7YOpBCyehVC09WrWD3d33rj8dpZHh/VfnbRARE="}},"xEQ6FnxmJXkOBHXKOq9wDzcWctOThR822eAS00OCgcw=":{"valueMac":{"type":"Buffer","data":"AeVoGJ+hu0g1lEEAgae1I+jvnqm48ei0KpINYgvo66E="}},"xIJMrxwCzRmvdMSCJx6af4sjWb6fHkFCmhh0ejxMj5I=":{"valueMac":{"type":"Buffer","data":"zBtTdCMZafSmzkXwobrOp5QRIm0aSbxpYa2WyLJ3KmI="}},"xVXaDEyYbdp3MfHyEMHPhTdnDPBczEERQ0+nHosLngg=":{"valueMac":{"type":"Buffer","data":"jmIT8t3yQntcdjuPPJtmSNiUjg2OfsNKhYS6v6zqTk8="}},"xWRf5AbqqfwJ+TMYVvyRkHBxlZEEoAP8e/Sk8/Dfpjc=":{"valueMac":{"type":"Buffer","data":"EAI0uvzQGY+Prs68stOqSndu641XTJ0afXG7PwRpAYo="}},"xXehk0rVwmATFRyCK/Gbo/XD3P5qR3qns4BELf08M7o=":{"valueMac":{"type":"Buffer","data":"pGnSNeJ1ov5kRIPHO4cuY4PpcVR1tzo3q3zBqSlJoVQ="}},"xouD7ztlSIXIutjGQ/cfcSOeEg0PwGNFDW5zjy0urdI=":{"valueMac":{"type":"Buffer","data":"78DN43L6X5wCIB7l8wD2UI5c3S2UlkOzDcU2yJiy9UY="}},"xoy56pI2rmLF5WZOsrh2AP22sB8Z8pVzJTXWRiahxS0=":{"valueMac":{"type":"Buffer","data":"zSwdmIhko1LFaBwgBkulezCc6lMiok/OvAJHtpC3ndo="}},"xp6nRLmciHleelvD137t1hH2Q0jMVS0LXTohQ+CLATI=":{"valueMac":{"type":"Buffer","data":"pZCrKazdm/PGpkpE3zFd/ptPSx0L7fsLfhFve2UryE8="}},"xrYkn0pxT6pfpQDfpmHsJ6cjA00hAwxkuY6UIBcIhfo=":{"valueMac":{"type":"Buffer","data":"TG5A55OMm4MnU92Or09NFxY1awkx1IfXV7IHoV4tDUU="}},"x1taS0vCGhW5o3/ZwTkiLS1liObkfgkZPi3bgoFeKT0=":{"valueMac":{"type":"Buffer","data":"A7LLMn6snJeJjtBeLm6V1J7ugpjQFUXbCV2URquLhvM="}},"x3nGHdYhG+umYR0V4ObjWpLs7RitkdvUvbW0BT2vkRg=":{"valueMac":{"type":"Buffer","data":"SlpJU2xt2uvqfQmpULqQQfuGy77bNhhqbv85aJxw+qE="}},"x6IEuEgkhqKBARh0b8qDTOKCQL8lb9bUe2TMKGUbPio=":{"valueMac":{"type":"Buffer","data":"b+MhTpKEYyA+GAhrjg/iy7TiCKONie30acj3QN7V+Mo="}},"x6uPgJZFk4YWQZ/tMChYsc6GVGMaf2lan6UJ0mURS3E=":{"valueMac":{"type":"Buffer","data":"1ivIaPjHwXxMept+65TMzdMUMfKubVGvmUZoPfvoVbI="}},"x/6h/guuG9Mq82LhlmnAwAl9l/VRCvXS4a+G9pTnuMY=":{"valueMac":{"type":"Buffer","data":"0BBmZOpMlQFEd8KsKY3yOybgfhJUj2rWiwAj2tXCP84="}},"yHMiCpXWarmf8rtpyNNGZ1jZg3xIJHSu45msUGE2K28=":{"valueMac":{"type":"Buffer","data":"vlvHhGlOJciDuqFVMxbwIRL+5hkpmOdbtxpZJb6RkQ4="}},"yLBm0JUGvsn8W9rDoA2JKPYRrwODVYI7zFfOZ4nJOh8=":{"valueMac":{"type":"Buffer","data":"4iVUs8CVwVl73wR+hGoAy3+IsLiIqqk+549PDcnqsrg="}},"yPSO6eWQ78JoF1pEp8l0F5ox02vh48hPFwQleIMNFdk=":{"valueMac":{"type":"Buffer","data":"QdPQK+Te5LkoyRtunSKuajbicBOvpNWAT4NHoeKSGEo="}},"yV9PUm//mT1FjpKiQOdTknBAqzoTchuguVuDmOz2vCI=":{"valueMac":{"type":"Buffer","data":"BT39PzMhc0OYWddywRTaN2noG4Tpg/o+Q66hviP4BjQ="}},"yW5mXs9gmcSxhLgZeXGUSDDocJeuulRbsP2hTabzDNw=":{"valueMac":{"type":"Buffer","data":"bSFOMKYpPGnec4xdrDr3XYknz5YJ9/dXjNXDFA/Vjvs="}},"yZtekd1HXuGlpP1Jg2kiXEI3Mp4bOEPWSpaF4/syL/s=":{"valueMac":{"type":"Buffer","data":"KMU3JVtd3p42cTAslQQ54YjsLdkThsO1UMya4Pb8MN8="}},"ycl4VPVdaPQYwCbpIrIL+NmH+BSMC0NNqRWINxlLKRQ=":{"valueMac":{"type":"Buffer","data":"sRUVpi1hcJTelEVy5S+wEBB71j69Z9ZxvH2DVFQ0YI8="}},"yone/6zgSPRVH//t5Gwz9japekvalLNGUZrksz4mfz4=":{"valueMac":{"type":"Buffer","data":"erVeOsqZEjY4RVVuAWxgBj/rUBRMKQf+MdVrRspC2j4="}},"yuZdzYRFdktImOJb8P8odhRchN0gS41wvgN8q/amlKw=":{"valueMac":{"type":"Buffer","data":"ZsTo8WrseEol4bTQqSHAgO3jVS8LAnF7LW4ZWKrH3rc="}},"zGXTpfVyzLYAyHrPCcUhRcRrnYGGCBHQ9gSjuVMTWx8=":{"valueMac":{"type":"Buffer","data":"cHzBjtCQ0DtZooNJUEWLZi35xurmw3KZr2/tsOhkiak="}},"zGcTPBpcRmWs9KlB8QMSGyAozkmRIdedI/UYIcM626A=":{"valueMac":{"type":"Buffer","data":"y70CbrAAGWCf6cd4HBw9j9vkQwTlS1iZ5mkhpv/t1+o="}},"zIUMB2fwWrNOJuStnGrU5yaMBVo0LDZ0L8Z7zSM1nTo=":{"valueMac":{"type":"Buffer","data":"N5X5VJ3aretd2i87C5JQyplhczTDvIxWxQDFa3RlzTU="}},"zK5bUsYlt2jzBxULuLSqLE2qU6Xsj6QcEV2YIryL1G0=":{"valueMac":{"type":"Buffer","data":"PKLEGU7qdR9VAfkXv5eM+79YL+kU49/lOygSv9xuCHI="}},"zLgr/dXv8/q6z7oN/B0cYQ1CYnvnPQ5gvWOFw7oz8ao=":{"valueMac":{"type":"Buffer","data":"bHe9RjaBoZULZLRpY4TPuUwD+bQ9KlUz5TykAtpzGbQ="}},"zVc2kr5I1ksDjPNhcJiF/Um5uuq8ktHDEHpt7F1GWdg=":{"valueMac":{"type":"Buffer","data":"pXpQFD4oFsw7ZcrHB26qJ50WJ5w42lHtbUfCSWt0l18="}},"zZ61J54dk+vW35MUJmNIrZQiqzVeN5Bmi6YVaCxLZgk=":{"valueMac":{"type":"Buffer","data":"Zyp50mkrAb57WO3XZqxlZQgoTR+Uh5HTliyiI7RZLvE="}},"zbYVBNS8fndx122wv8kc8peqtNPA9bkuwbJ5e7/1nMk=":{"valueMac":{"type":"Buffer","data":"wGxqf5wpYBOTMoCmOIlCVy4QdMYjTjCVyqnMrZk+qUE="}},"zeccog1AraV7DE62kTIuiQ0ygZXedH0Zi/5BPzrvlIw=":{"valueMac":{"type":"Buffer","data":"uSjT7dOX8QqLqu+0XF30P93dWCF+ekfDnBDXiuDvfEA="}},"zmJ9ANoecHCpF7/e2643Rz0mYnis1J/fkrAueo9ql7I=":{"valueMac":{"type":"Buffer","data":"qqxZhnl0ukm6MZjpRvqzc5SOnNOpdqeCYY++EZqQOR8="}},"zp5UU++zIgjDB+oGPsz0v8bnz5L/Ma7+sKISz91QGd4=":{"valueMac":{"type":"Buffer","data":"7UJG407Ynl0Bq93dNH5p9UaBqPUXxWfe33phTXyU0Ck="}},"zqX5eKdiXYKMdIQdg70Ph/TYRcyEn0eM2DMWgpG1W44=":{"valueMac":{"type":"Buffer","data":"p4A+/opO0+5qMtT4AslX4wjEySfKDM2NVl9mVQg2oag="}},"zrTU+tk2YEKcw55DOqKZ9vMvza+fSSBaiuhNWP4ELRc=":{"valueMac":{"type":"Buffer","data":"wRzWdYchmn0rUU5646EGIiARHj9cpVYz1cTjlZY/OoI="}},"ztWtWEYc/VbygoNH0kIpCgVau58tOilza4Xqt6bQdiI=":{"valueMac":{"type":"Buffer","data":"dRbe5fGGZLZ/YCWlrqxXuD4Jbbj0fCh1k8jmzmYvZsU="}},"z0GuZ3NFSK79l7dTXeR/9JaAbVwbw+IocDl+Kn/qCx4=":{"valueMac":{"type":"Buffer","data":"g/QXgWmiEXfK6d3gVrNYyoAM/aEbL4oO/yhwtmCpr8E="}},"z33yfxeIONyE+X++XIWFcMWxONIgMcPplBVbaqk+PBs=":{"valueMac":{"type":"Buffer","data":"tef3XsoHOAdpeYABRMQ+j/jrSzz13mjNBnkRIho/1JE="}},"z9XeNbJq1MGlk0zEtWZSGyUasVlgXXTTlUbkck9vZHM=":{"valueMac":{"type":"Buffer","data":"EOT+YgieuRbHXs/1CJo5EgAkOkY3VXywFOr4Nw5E29w="}},"0Ekj/da04RSqJpOZrEX2MRylbdd/+lFG95Kbi5n6IxM=":{"valueMac":{"type":"Buffer","data":"Z6FySIhoMy9mgnVzCwteALidAaslnvO8MBVl9ZZRx0c="}},"0FkBPAh+mR5WwzyvhFSVvU52aAkHZRaQmzserY9kwPg=":{"valueMac":{"type":"Buffer","data":"BML2+VffV6eve59ZIfDOqsznHqVVTj/+imjQGvzGZXs="}},"0ZZu7aFi2QjYNBhD6zyU1pK86OlJPWb2OWwRtxLyyvc=":{"valueMac":{"type":"Buffer","data":"5NXsteelH94+DAqjYO9gySS8UHZCCum2W5dExPI3Qjo="}},"0ix06marLllQ+2n93G6wk9Hi10WBikpX90HO/3onaRI=":{"valueMac":{"type":"Buffer","data":"tXlwZgnsbLRSvixLiB2rqYl6RLAHDrxZnbbX8bOZZU8="}},"0ow7NrYKH5DTfijIXk6ZsLO5PEGV43Jp2+IW1/LHjHc=":{"valueMac":{"type":"Buffer","data":"31nIYECAD2XcBut3u0DaZqSkJH8Vj9idAsn4aUTkUeU="}},"0wCs7MQ1PhJl91w3zc8CkG55uNTNcM7E23P0eBpWG1o=":{"valueMac":{"type":"Buffer","data":"GNWgL+ueTmGbNpZ6gBfraOXk7ByOaDzw+kl0eNt+NTI="}},"1EHdmDgqFPZ56Dxok/E3KAWRUSqrwzRUaEjfuk07dYE=":{"valueMac":{"type":"Buffer","data":"Y3VvAmtTr/YQ+iFILZ9DSKByKaNjwqyG1JW1wdOws/k="}},"1G7yIWf6sFR6TeBo4961ojM2aVXvva9lK03qkjyZO5o=":{"valueMac":{"type":"Buffer","data":"Fr6u7DirO8UTAEunKt25044PGi1VCiv0cQR58Leg3oI="}},"1KwytsssTw5Uz/EudzzshmMPzd0epjKpWGB87qjk9DA=":{"valueMac":{"type":"Buffer","data":"Fc5t6WhW0NdEwTNSWIULwiV1rSO8mEc11GBSsMchevc="}},"1YDMmfFMMIXJWNhh2ehSdGg38ltC7eaz2ZOfB6S7UUY=":{"valueMac":{"type":"Buffer","data":"1WKGwIw/NMQRyUQ9Iy1CM04kC6DQSu86JEur5BOSS9M="}},"1Y5J8aGcHcDisTztAbQxq0aQlwDUuO/djGjNyUNEeFg=":{"valueMac":{"type":"Buffer","data":"0GgBn95rMiXPuwqERVEoX/P2FL1EE67YqSR/2tZdFdk="}},"1trt3a8hc5jXYOpil3LoxVrf3nMKJqddWH28Z4UBAtk=":{"valueMac":{"type":"Buffer","data":"haN5IGT/keDM0ppyojTzSvFwJ2Fd/Ka4E++tqWqenms="}},"1zMEv7zD0jZpZ7/qwt/IVtDOcGGDbeDOXuh2LsEERI8=":{"valueMac":{"type":"Buffer","data":"vqEWISdwsmjuWWaXbM7LjBgluzYbccOs0/q4RQ4RDGA="}},"14gb2yMCMay4ZnoSLNDvZXLNePT8/EysnDnb5aZUuRM=":{"valueMac":{"type":"Buffer","data":"RsdvSSEnhOpomox/n5XhffQ1PRQxUikZtDnAHaKSXso="}},"15RfUHFdo3UJBDIyb8ua8RLz8s95jN8G38vE8DVukNk=":{"valueMac":{"type":"Buffer","data":"vfoBeIgy1HaVP+XuUvmBUAiM3j/FWTcGfBmWFMBdLaY="}},"19Ao4/piUFNZuky+o2inYgHDgY4EdQhP9VDyN8amqWU=":{"valueMac":{"type":"Buffer","data":"UQszhAtzr3Ayui25tNj5NNXBiVSbr4QMgPGAlVlRdJ0="}},"2Kol8oGvxKKgkPr6sQSaKDTiTCO8ZH/3L7q+W6Ue/dI=":{"valueMac":{"type":"Buffer","data":"SLuv52Kbt/nlu3UZf41fRmvvkZWFNgxmRwq4DQz8x90="}},"2OnfgL9TOXQNAJ6x8S26gDh7mh6++0TUsgYD/YalaHA=":{"valueMac":{"type":"Buffer","data":"4YFVTwn7InnLkOP5fNrGQHXbY4TAJzGQw1rvzHcaS3c="}},"2etRMwyhZD4r2jM26zAPMErQ/cuqmD5X/OTupMB3lwY=":{"valueMac":{"type":"Buffer","data":"FAE4dqx+mwspF4rCbeWUP/ZR0l4FRJFXevOxJ4JKfHM="}},"2fqfaRIpRE97SjvAgdr3DJ94HOfVVxiZSxn08XcROlw=":{"valueMac":{"type":"Buffer","data":"gBNr+8v7PVOkhjzybvI+WDHRjqnEioxw1aRNjKqzh/U="}},"2lmbMsai0vmksRy6sxb6679y37PTxgVlW3z1hzDp6B4=":{"valueMac":{"type":"Buffer","data":"dq6QZjyg8HmVY/vhAZSvx0ZDm3ArVxn4Vlw+XkJ5548="}},"2yjgWWPnqD88gXGGirWOs54W7/eKysBGL5T22PHJZFA=":{"valueMac":{"type":"Buffer","data":"pPuegfpMyAWUyIpqcMGivVWyb9ES/BjRZg/I9S3JpIw="}},"2ymZIDzMIqYQnxVvnzb0i+CsWJ7BckWwMruRsGGiijc=":{"valueMac":{"type":"Buffer","data":"7EvWXf7ybsfSNhpabLW6onKqxP8+4MbMWjIzPtb1coY="}},"23bbdZNy1USJ6WPaC0nN5cvUUzk98+lQ2xT0IB9g8T4=":{"valueMac":{"type":"Buffer","data":"gkmcI8DZ9dTTImXTuSXKFpifYHHz4znL75ZMzeMT3Hg="}},"3MAjic9jCeyVWka/52dd8lqysfW4mo4DtRSC+1bkGeE=":{"valueMac":{"type":"Buffer","data":"do786nLkx2DdzH7xNw/P541j+Lymnn3CyT7kY2pDdns="}},"3MbvYfITcgKqIb5GAhcv8Hz8gke5u1vhMfVGNAGFKYU=":{"valueMac":{"type":"Buffer","data":"6FCz5DCeZbG2tVaQU0w7ANEBT0mP/9ON5qnfK6Azb48="}},"3RO/TFE6blbCuqzppKPTLGY+slG+6P3imV8Z1U85f/E=":{"valueMac":{"type":"Buffer","data":"jONv7Ejbmq2/40peWoCnV6JIvSkVKge1lH9RGtF5WYw="}},"3WYijtgo7epiGAhefa6+BtYsdcY8OqubZZH1fhHq4cw=":{"valueMac":{"type":"Buffer","data":"MktXKnfNkwPHasvleihenGf8n0n1DWrnq1dVo+rcCXA="}},"3YgAvTfaH8Wu6I030E6ri9nMx/hcN8GH0X/NezmdwZY=":{"valueMac":{"type":"Buffer","data":"BL7qaWY+/LYlGzV6XTNsLsQ0gy20PhCgUUCCwfBcKZg="}},"3calCe9P10xxlowsQ+RCcFteIdUT7bd6lKwcAx/mrkY=":{"valueMac":{"type":"Buffer","data":"I3CxEpwpUqkt3NzYk0y+dKhzwT2n4jwdus8T3TrinkA="}},"3gkbenPajBTOaGQrzEf/noNYogp4oQ7o5zGhbuIyoXU=":{"valueMac":{"type":"Buffer","data":"37tumGViOCCe+uhzXaOli2i2tWnd/kkIVjfrg6M3Zvs="}},"3y0+SRuSqnUIrZEttlqPTGIqLNw59KitkU1Rl996Bvw=":{"valueMac":{"type":"Buffer","data":"3GTUIHPlnIK/0cnz7jNuO5UF22brGrEapBvIDb01bNo="}},"349sdXScFRdgxxCSn82LIDCZ/LZNeeHgTMC48DycynI=":{"valueMac":{"type":"Buffer","data":"iqf2P+U4vLT0mn/g5j8VjPphmFT1gweI1f6Kt57aqoM="}},"4Fm/Nt1/TzPEG/PBZNXWG1BOXuOMwb8/n2zMwsg4cpU=":{"valueMac":{"type":"Buffer","data":"nTbgkAW04fOOgtQMC1Rkq74BzV5Jx4xD2mwgY63dauA="}},"4JAUdevSRLtD+6byKFnkcCzH8xp1tZDeVqapB0lSosQ=":{"valueMac":{"type":"Buffer","data":"6bJ8ZVKRoi9938moOsrwcIJ+9zXIQcJPcsppB1f/Xco="}},"4M0edYfeoe5qjts3xIiEPtAbsr9pFbOiuDlo1xNj+u4=":{"valueMac":{"type":"Buffer","data":"F8ivyowPn84gWbcS3DFXo1LRB5I/JjeKz6bZOqD+sNU="}},"4U54zEZiIi2nCbo0IiAjBvPprmq+muI41YNdn5aVcKk=":{"valueMac":{"type":"Buffer","data":"UvsTEJOCz0PF7kiQSKWYhBHeHwnIKz6KGQPPb55GJog="}},"4WRObHLszABJgYFmi33qbhzaFm0GpqLj2VjboGJBxhE=":{"valueMac":{"type":"Buffer","data":"STwav8bVFmnKLe1bvEoequ3Pt9iwosxwvNF1fO9YArA="}},"4rd2Qu2i2q5uT9sm+peSkl6Da/3YZoO6ssG9a1dmVjQ=":{"valueMac":{"type":"Buffer","data":"FWkl66nji+jWSjKOcZxP1xrEw0DVMfHn6REOYhVRGvY="}},"4vuseFUUQTlDiWX4KpJiVl9prXGdj+WY6m8lZXmGnsU=":{"valueMac":{"type":"Buffer","data":"v4kXBQxrvUL1eFkqz7ZJMm7a7wDLU37t5DI7o3GfIVA="}},"5IlxSSKSZeSfrx+gxQslWKbyTtChfwvepExX98IaG7s=":{"valueMac":{"type":"Buffer","data":"npFDrz4pTeo8W4wyzKMRoPPJHgdVlVpd72uDnMo+TO8="}},"5J434gDoRXNiHojLs3K1IHJy65YyAYFU17av9mwIRHA=":{"valueMac":{"type":"Buffer","data":"UzOVcIUUZuWpP5QBX4jKSEFEK41pF8603sxuAzsmU0I="}},"5O4knAl9O3KMVFwmiUYdNmHy8qUdYXbHl8voDiz9jqE=":{"valueMac":{"type":"Buffer","data":"APVXejIc56Sp4wiHyp9FkBPazocNpQ0Scs7GhIA2xPU="}},"5SgUqf/dhIpHkiEJVjNw6mL5/tppnHTdgj1hBL9DAus=":{"valueMac":{"type":"Buffer","data":"+amrlmr5JuHYzyY8nW/sZT4K3iw9rGCLFRsOS/Zh7Ak="}},"5Ti9WEDVtTYSn2iT5sc4m6g3MfbNRUaCLG1DbR4Y9+E=":{"valueMac":{"type":"Buffer","data":"yYaQjnO3g1WdMWNhkTvDzWG/KlozDCopb6uGS/V6gZE="}},"5UHgWiTq918+PqMMmmtdm+7NRbpWDA/yo2TgXAZtV24=":{"valueMac":{"type":"Buffer","data":"izwgMnlowipHNqwY4gNarQJNtal6Zri2kpPbo/QQdOY="}},"5YgUBDJ0kco2H+3Tvq3tc9pf0SG+XukqYADb9jxYhy8=":{"valueMac":{"type":"Buffer","data":"Vr1NzGxCB82psXKk0sNNJE71vDox35tSl4j2n1aGwys="}},"5uBehTk7SMyNF4VwUpoFAXj4wJMSLqeBGvXtM2YESzg=":{"valueMac":{"type":"Buffer","data":"NCOBv5KG+gi96AHuEi7Rzuwl49nLJOiR7SqJENJK65g="}},"5ugdG1b+GKjj+PFlK/ODweXdD78DOVAlVaqbfuWg73o=":{"valueMac":{"type":"Buffer","data":"1Y7p7ONsfwl2LMkKzTqyVAV0XZgx/UdQmduD58GYP5s="}},"55SQ90H/dccLR/U/v6OjLsFH72dbyiSsCYyoTpll/HI=":{"valueMac":{"type":"Buffer","data":"qz5bx5FyeduwbH9QyS+6U+71G3BarE68ZbKa6jr8SGQ="}},"55vWXfNXYyF0FDq06mvMbbAvqGu6SQLApbs/hsfBLX4=":{"valueMac":{"type":"Buffer","data":"BXZXjXBHmueTUcPoDLCyAEAOfd5ewcSKIFoVY0GACk0="}},"6B+WzNCseBTajHMxp8cus7rJS/jviJwbzzaBr2qP2WE=":{"valueMac":{"type":"Buffer","data":"PHkywBlBiVCI8uFL+q8TLDOutz+VRlXcWS2Le1cB7Ls="}},"6FCrAihmjxsTrllQdfN/VMwl9hzIm9jegCNse90ab0I=":{"valueMac":{"type":"Buffer","data":"rZRbsDMke32U/tP3JE3Nix4iHiC9oKD9yJSLI5Evg3A="}},"6IIY+V2+XzbaOj6db4Ph3p7o/+TKnBfcn5MgvNmspEI=":{"valueMac":{"type":"Buffer","data":"8sxfgQf+ENT27SDJD8F3CWtdn78ZW1CSVuvarNWTQD8="}},"6KiJiBuj6xMlDQqhUeb/Q/kZaj5LzTWXMwrRhGOl2fU=":{"valueMac":{"type":"Buffer","data":"4z1RbesJgjaJc2tDD5DJFnPIP30uF3INKb4jwP4RAhM="}},"6Kjx6cbnmAlOXfG0lzwKBE1bGVcOLQd2Y2BX4oD9AdU=":{"valueMac":{"type":"Buffer","data":"eGE8VISS09tToIH+NHgIrq/lFRWmRlGTWUpG/CqOy58="}},"6LL5oIhp1we84m4jBaO+doEHS5mJKCuYeB9YUEI+vMw=":{"valueMac":{"type":"Buffer","data":"UFdol6rwri0iNqnO5eEqigVXkdXcTHH2beVQlm79qiM="}},"6cuu7SSANdvtW+BgIxtdDlXtumr8BIdOejtANikWoTM=":{"valueMac":{"type":"Buffer","data":"Kmiy/8OzPpc8CKRFbUiS4b4rpuYgN4HmnFdLrzMyOrY="}},"6dL0hQBNeIwTT2Aq+6XAJTzNgcZFQK+9I0bH4OqGWAs=":{"valueMac":{"type":"Buffer","data":"iMaocW7NzRdgh/UePBU3d/Prt9ujVLO9J59gy2Icb0k="}},"6eOSPMhGqKZSbXWMNjDtnaQ4X7XQrnI7uJ1dSAbiJ3s=":{"valueMac":{"type":"Buffer","data":"Lxk+pfjC7cpv9SafnzftAorDubWg1By4XRJccQYQkxs="}},"6fi1Etqn53DCPQazvQ1imhKYHShxFTb+F5TCmOvN0Vw=":{"valueMac":{"type":"Buffer","data":"ql4VBZZPpGsJiDNnKaWwTy35SN2Q7CVgTttWsxQcFXE="}},"6pJU5BBSACI6IyQRZUyBFkDjGbrASaDgNk3IJPbj4ZM=":{"valueMac":{"type":"Buffer","data":"BRWAZRbLEpwJshyjUAy8HTQYbLgRerkBidmqGdjjY/k="}},"6sNPiOQ8dtm6cN311YuM4b050aVGgNtCE252uvOVhks=":{"valueMac":{"type":"Buffer","data":"etmrE9v24JF3VoNi9XZ0pFdN87jyqFInvTqKTTCfNDw="}},"67fywSBC7FYYxA6Z9h/c3MNfYBVGj/sfUWYHC9RJT/8=":{"valueMac":{"type":"Buffer","data":"2FBeyCLq74ij3I6VoiUD7GgrEirbLpYrjS+PIxidM7c="}},"69a5fCfC3khTQ8x0W3J47Y81rAiL8gVxnd5RukQKiek=":{"valueMac":{"type":"Buffer","data":"LCJTAraIWUJ+OqJwgJVnEtSVyeEyk6u5u7Yk5fGYGYU="}},"7AwglbLBkjTpmgkA0CGS6phs5Yg22HJZT6MaVUTXA38=":{"valueMac":{"type":"Buffer","data":"ezjGKMApR4ubybM9ZbMulHyk/K6N81YaB1hM35AjabE="}},"7U2/C8QkSEzOCpr2dByTUP6+9yjUjVhnSgwTBu59oxY=":{"valueMac":{"type":"Buffer","data":"B6Dg2nskfrNHj/Wz1Pl7tS1Fy6hfjJS6U6Gh6oZSc4Q="}},"7YOHRE1vEOwMX5zoYt96Qe5H7wLwVvMQVJ0Dr6mijik=":{"valueMac":{"type":"Buffer","data":"e7hynuzQrnhM0huEJcKt8C5rvjheCsTLC45y5ngu1k4="}},"7ek2sLfMn41WFQ9G2tbz/lBM3jAinTEQ9atmbuCGUjQ=":{"valueMac":{"type":"Buffer","data":"1+2KTPESKXGLED7eFDVBBrLrPY7DXXQLBQeRRMxCBlY="}},"7mLzjiig7/5hFFTcHHNhmPQVSSsz1TO9emt/8rgNx+E=":{"valueMac":{"type":"Buffer","data":"CuzIyrs3+zjbk+N/MzFsXzAjsigMCeb4ltdXTNBnE8M="}},"7n+3MZjZC80zNRAXHU2jjLJtUCoTfdaBqo9Bt6WEBDM=":{"valueMac":{"type":"Buffer","data":"+Kr/d+he7WwA1DcEZkR0xVWC9HQfj1oBUitUglk43bE="}},"7qmEVkDSkZk1Btnw93Yddl0g7YA/olT7cN4vsZ1Sg+c=":{"valueMac":{"type":"Buffer","data":"UvwS5uYZsDa5MkKZiDl0EV23dxZK1EsNAMCN/vBID+Y="}},"7wV+O7Do5UxnyH7W3fGZAMITVlhxgsVuVyqjoS/UiY0=":{"valueMac":{"type":"Buffer","data":"ZRUH9uSH8yEgWbdupgBmqkdbekUKrq0TmfGYWV4nfAI="}},"7yzWpER8V+OEzCLnc0XTT4mxlOCw3gPP9gicXFhOkLY=":{"valueMac":{"type":"Buffer","data":"Pcar8i5CoBz/dA5oqKdRiPccMGVSdjLn6gK+Lc3qwzc="}},"78iFps4wz6TOHMGa9WH+J+N68I/wa1+3vplRSXQOnkc=":{"valueMac":{"type":"Buffer","data":"WVmYvhyvJAECCmB8kPQjACZxCXac+TMceJG5zNox3Fs="}},"7+v6GoC6IVQFcqrLHtraHQP2IQj5dzcKDUTQcExYpek=":{"valueMac":{"type":"Buffer","data":"GOzJ5TNvYJbVc7oaa8VKfX81nFWQKAhPsFC8+tBljKw="}},"8CVYz9ZtW9qoX3AE2FIjzgXySrimc9cETLe63de5myM=":{"valueMac":{"type":"Buffer","data":"/r+Q2Sclfs9+EskCcKPog8RlsmlK1JJ6isX46iALtBQ="}},"8Dm8jKaaMjCwyiewIV9tykj+iTP/UW62Qp9MQIkiSv0=":{"valueMac":{"type":"Buffer","data":"j1Ga5pDbbCL6RkriTcatL6Lq4dmt3HwTpqsoVeFnLg0="}},"8G1Hi+3ETR9sHDXKUo2JXO9Yudc59I0eactcGlOsqb0=":{"valueMac":{"type":"Buffer","data":"/zP1C8BPu5m2TpfOCiQjZCzjvbGaiu45AtdopO20oEk="}},"8XklTESBBSIKPJ2n16iFjzjptOmQObjVXdAmlpOp1/I=":{"valueMac":{"type":"Buffer","data":"tsaKdCnOTViBI82k6mAGvqq5E22kza6pQi8T2AN1cKM="}},"8bUiwSOMlHCQ04j4aa0bEdWUGtWXGZTnS9NdDOz9+jw=":{"valueMac":{"type":"Buffer","data":"oiW5wMpiDf2DXdqhaoiLbhsGJ6YmTJEslekukHiLrjY="}},"8uRNw8NKKsaW6kA0ph5GPPtkTP6PMeFsLpjhVSOkL+k=":{"valueMac":{"type":"Buffer","data":"P0m6wRw4WfLOg9kcpjp7V80rhnSq7gdCbjGi/uObdI0="}},"80IdGx0Y2S2hyf411+odmuR2c6LbnCb5E4zmCGqxUvE=":{"valueMac":{"type":"Buffer","data":"mo6fjS3OgbvUMMAFRLpsCzWs2S33ex1tjKNhMDiBg/k="}},"838zzWCgEH4vLSKJD8qefsn8iYI9whoPDtyIRqWW0qA=":{"valueMac":{"type":"Buffer","data":"cuiaIbZ+Quoznp1uYQC7DEvcACeGYqzKQp1EsCIzK6Y="}},"88o1+nKJIfJu0LJaVRgtkc24ywCbLEcNDO7vhGUt9Mo=":{"valueMac":{"type":"Buffer","data":"PCVbJSu2quAipszIb3sSZs5zFmlxBo1+/WhgtosGAj8="}},"9Eqw6j7aEddBXxvf2lqc+vnDLzfIIklT7+lXplUmHgE=":{"valueMac":{"type":"Buffer","data":"Ss6ZBwOiMcArCcOFvN+32r59t/1jUD6yyehQ8Nzrr7o="}},"9EsIrIV808xFi17VBSHJ7IRNkuasAsuvZ90fjoR9V+Y=":{"valueMac":{"type":"Buffer","data":"KBmQz6K5WU+GUZdNeJms0jpu/WajD+IDVxfMdeYfoc0="}},"9ax9Kw6Rd2pfBgKhcgqKkmHTs9WcpNvtcY1WNn37YDM=":{"valueMac":{"type":"Buffer","data":"f4q7ScFdAciDse7MrORjB65iolO6zhoLmAtK5qV00XA="}},"9xJ9BKnACCSnFT7bGZ8j+Z04mJK2674uw0fcBcDk3T4=":{"valueMac":{"type":"Buffer","data":"FI74bdUHghNAprn5CSpJLBIg6opApcGiPcVJHwN2xy4="}},"9xu8rRXXq5HtAzaD4N2kqAeuN5rNwJeNEo/dFNP05qM=":{"valueMac":{"type":"Buffer","data":"myOTTCpslRgPWxA2IFL/Dsn0LTthFeVWHHBCVBCi+zI="}},"95m+jpUi6Rvrn9OkbwWZs86oA1LjzO5Cf/3k/ERrtgo=":{"valueMac":{"type":"Buffer","data":"NTVER2jYrSrYwyvQoO7bxGn6U8iGSIqDGZSJSxINUas="}},"96R+znMEPuhZNlVvpY4tGcyeDqNHXU/6uFglvZB97h4=":{"valueMac":{"type":"Buffer","data":"jeqv5iucHEGxReXpTPBRrXs3kfRSSg772dY+GmFfV9U="}},"98KQYAUDNSLoBexHlDIMBhfp3Y2EslsVwhGiq2rkolg=":{"valueMac":{"type":"Buffer","data":"IUZADI06p7ZV69fawW5rMiR1VFszd5SuO04QG6qwewo="}},"+ZhaJPE4VgEoCG0Vt+NG35Dtx5ipL1AsSxJT4nWSlA8=":{"valueMac":{"type":"Buffer","data":"/MB/thla5vRUdnLfo7AndPQ7hBiFUX1eCV9u5sVx+34="}},"+ewO3rZU0QmXGmoxQooU0yfHMBuyzkLf++Km0XLWKzE=":{"valueMac":{"type":"Buffer","data":"Rmq7Gz4i1MjEiFSJVt6Y1g5EO/4igiLNiAN30D058XU="}},"+hLmU0CT2VN+wJ1F0l6qzqu2jsbXty/UDgYnNldZmIs=":{"valueMac":{"type":"Buffer","data":"ZHLTPdCIdJFGB1q3rHZTJeJSBCOBhyzPiUR2xPl5cwo="}},"+v3NwV/8aBbuO/zfb++WeREgmgEHz2qLp8vmz+FtiVw=":{"valueMac":{"type":"Buffer","data":"qmDaElDr/HXixHPJLDAt3VaY+aJbZr/zg1CV7iCobnY="}},"+08+1Z97hfrUCHF3KYxDwIDpbscHDoe8v/GfjfTttXc=":{"valueMac":{"type":"Buffer","data":"UQldPHQPvgl2Xrg7cKgUqhEwsowSZaOuPrkhbuts39E="}},"+3WX9XvrBJEZd46EB+1cYwuUuNnD0JSCmyhDHsBQleM=":{"valueMac":{"type":"Buffer","data":"FSxh0bf0/eMpnWSJF0ZxplKy6VhBlD/fsA/gUNN3ppc="}},"/E4APsn8VprVhzm1YkUmafEypQtPtmTw6PUmGbxSP2k=":{"valueMac":{"type":"Buffer","data":"T/50NsNfemLG5vLkWdNvefBsQRy5cOugfnRpRQLhQaA="}},"/Gpj8Gz/a3pwaseHY7Hs46oI9X8lI7wk95GLdoewi8U=":{"valueMac":{"type":"Buffer","data":"xBMdsFRp6bvOMp5nAMDZ6TyxdYA70lNJgx07I3+ndLE="}},"/Mxx6CSuwv48HxmEQl9YnZydPT9esuLnnk1lVKKPgjU=":{"valueMac":{"type":"Buffer","data":"USo0m2rDgVlcVbD5M6mAP1sVjVw+I1RM3uwmNfO5DPM="}},"/RpYTpzlAZgs5q3abENYbMFO/XTUfTNiVtwhE5y8Uu4=":{"valueMac":{"type":"Buffer","data":"y93xxcpEqAUilscxspT8OpqO0VJXbabK9XI9t5gaZTo="}},"/V/l8sISk7FQRGJZdScHTXQOMGAozBrpeZkUJJnpXvM=":{"valueMac":{"type":"Buffer","data":"Rp4rLne9TTROwsMK4xItxZ/atUR+eJA0ob9nNHtNg/w="}},"/ee7HaqVDJ+u7yLyuScWoZKSFe1vySsAU+dtuiqhJKg=":{"valueMac":{"type":"Buffer","data":"uIESVkszCY58lwlg82h5eRWwe4r0ybfJl+T0ZnkTQQ4="}},"/fnLatp9tL/WtLfiZEMy+wutgaBeu576GlcsV8rCgug=":{"valueMac":{"type":"Buffer","data":"xo4YncjCbj+QyZTE8mpJTqSpM4yQVx5jEceVHk9xv4s="}},"/lf/MyeDjYAoPOswVMQVmdvqtNC4+xTazt7XT4pJKBU=":{"valueMac":{"type":"Buffer","data":"IKyPGJPqz6oPcNCMdMUvCc6vy4fdJlRNKGSCotH5YyQ="}},"/pkMERS3XJ5E0yfPPbIDzPE+CGpT8DGz3OznHukZao4=":{"valueMac":{"type":"Buffer","data":"WSNgRiUXKE0QPKTheQxRtgYNjES6vuVLU1l/MtHqXA8="}},"/qYDUFqepwCwnz3iyyhlQu0t+1ngbLM68y1xP5AstrI=":{"valueMac":{"type":"Buffer","data":"6NKES+SSWe/2r/BOrMOPNVzkac48aG9aX5yoJ8fHJbw="}},"/rJmu4rsFJmLBPkokK+0ZS8CS88FwPxnNXoMm00Zpdw=":{"valueMac":{"type":"Buffer","data":"cruKxYwZmvxOEj3ZCpFKJkt+cxeXVlE5F3yrGXq2auQ="}},"/3BcE2zg73qTFNKh4RkulB58qPZS4A5RoFdZzHAwTxU=":{"valueMac":{"type":"Buffer","data":"cQpvnTQJipcHMBNtVb3Ehm+5GlqJtPsOzwPLGeo9BLE="}},"MEo9stCGIlsYmvi/sS3oZDGfqfKaUDnfTjzNA39ZzJw=":{"valueMac":{"type":"Buffer","data":"e5f9GUQhEWAqwXecsfgva+UhwjLBpKypo9uagmXEOPk="}}}}