{"version":123,"hash":{"type":"Buffer","data":"C9fA2LfN9OjwtqiSngW+hHuHLWuU+QSJEjsO3IIMd5VavC6A/D3IlZh7OV3Szl3n6bVAAjHhlnABAPLy2DTy2qR508+uRTka/XBUqD7YLytMnyCYmba/7KJ63PzXMgH32YIVMf3kY16/zvlTfoK/9NVxEtpbTSJTYn9B1LWb7jU="},"indexValueMap":{"AFXM9wI/CJBsEGotAsjrAkgrTbtxnM2p/cNIe0kxYFo=":{"valueMac":{"type":"Buffer","data":"/er+NAMaNeVq3n/nw2oNWisbXSSuyxiSypGDO+5zPo0="}},"A5i/RtgZZsF9jbe88KWgmlW353GeaoTqULnnYc5yQJI=":{"valueMac":{"type":"Buffer","data":"cl9NSFvEMfG4lhxFiNlfuX5zZeCOKycccJP7EzsfExc="}},"A+a+ysa1Iv+21hDQdRSrKD08eUKlyZdSxwSsfbRoyJ8=":{"valueMac":{"type":"Buffer","data":"V7TtV2PUX5FUQRFrw3s3H0P4ijNp5IFvRCnCwXCR4tQ="}},"CJQlhd8tIAFsgIY9nynVtbHDoPKSkP4tdxabIsPBakk=":{"valueMac":{"type":"Buffer","data":"/dSqmPV28lNMsfl6IBD9RnyXmh1BCDxHkc0v4J0unho="}},"Ci/hJf1OysrtJad/7bosNzCvBj2aEGeQhh2kzvbnUzI=":{"valueMac":{"type":"Buffer","data":"tz26WQV9UQb5D1e8oXMv7lPohTVXTPHvXuJGukz4o5Y="}},"Cr2bmwN5CVARrhlGKR3ClO54EXGRNJVsSxDfttEYsy4=":{"valueMac":{"type":"Buffer","data":"WAJ01KIDHP4xSMWjhiFe1q8UT/2lD7Bx0rZaV4DpsUg="}},"EirJPF7+OvrYp7dFQhmPOWHuJxZ7vNsCCRKDH1GADo4=":{"valueMac":{"type":"Buffer","data":"ii1x3Z+yf4NEz3VsBzouPrpH6cwOwiPF4aP7pMWg0t8="}},"FVtjcRLQoHLePm7BQENoQtqkVrFbNl30BOViAVi4UdU=":{"valueMac":{"type":"Buffer","data":"l+b1QcA6vflyIybkeq5beXvUo2pZ4LEqxoGQT2Yitv0="}},"Fi+qxbIPt/Wco9DhKvfwPu2Ss1GYzKtyAU8EH8xxloE=":{"valueMac":{"type":"Buffer","data":"BR1uCJNb81mX98r1P6MmVv7MYImm3kymBn8kcipPPv4="}},"HhsLKIcyv5gW3NiWF9kvRtJKLSce+JjqIhjrgIDFzRw=":{"valueMac":{"type":"Buffer","data":"CCDOWQKU1FYYzsDH6xV4WY+ZPEK2ASHB1ANTSu5EeAw="}},"HlKOPY4LfMIXP24VvuhjsQFJchgZL85fz1bTpC4HCp4=":{"valueMac":{"type":"Buffer","data":"cOy+H+JZuqDLzZm76tNXwVdaJWIwmzrcXxGinNfpjGk="}},"Io3KUJWZVvKLRrKJzTTjsuCpamtesb8iI+5uC3vzVaI=":{"valueMac":{"type":"Buffer","data":"g1gHoM6UBGg/s9f5RchDwxwuNFFoXMuctDBpyQBEvoI="}},"IpJ99v8QEWPOucweZqp6AhSuXRrpTwdrSJSIZRcxIEo=":{"valueMac":{"type":"Buffer","data":"E6fthlhlI3xEG0I1/IgI+zRL5ITibfXt91BbNSlQQOY="}},"Iztzu4XYrql7frnh2nh3eg3TkBgSEGLlfmVwrcumLwM=":{"valueMac":{"type":"Buffer","data":"zO2qT/7ySu+vm2Q8eQkvWAG0GG2+JNtuySoM2otsx04="}},"I8vUpCbPYXeYO8hEhghN/WBlClw0bdmV8KOBhSbBIL8=":{"valueMac":{"type":"Buffer","data":"gD1NjuVSsn8NVorIaLGLSC8P+ZL8rBhbe0Z/6RVB2EI="}},"JHLOC/I72gALDq2ujZM4ip7kvnnQSNrpHi+ak3dPR8A=":{"valueMac":{"type":"Buffer","data":"fY4pJ9SF5h7nC4LnH1WpIZfdZ/EhGBgGOXCdZKNJZ9E="}},"JfnR+BjfUBIRlFjB4IoUiHkNP1g98Qd8h7OMJoZZtxo=":{"valueMac":{"type":"Buffer","data":"lHdU+4DdVHDHhX/6U2bCe1NoeJz1O4n5gSDhCtBHTRM="}},"J8SrutIu8dyNLXlP6AyQ3//J3X5KdKlaoDZZ+G6axlM=":{"valueMac":{"type":"Buffer","data":"F3tinY9jeCd5J7DoHBKYkIKkVT6VukRM4Nnf3IS8vCA="}},"L5ngknUfkAW1ciV/xNRvoB/wc+5UjwrrriUs4cYSOpE=":{"valueMac":{"type":"Buffer","data":"IeEDPsca4OVjuNIDX5fgyqghakhf3tiDhPMohvguCJw="}},"OumZIY0YW6T19MwcpMQUWRR1R5QDtE/oU8dOBaAE8nA=":{"valueMac":{"type":"Buffer","data":"JnY1WO0yObbxVOw0J5M8p6JF7JxsNQgO1Q1boyU1u5s="}},"PCBizzSjJbP88BlLK2HsefSk77E4Q7/te12DRBihiPU=":{"valueMac":{"type":"Buffer","data":"jfzfrMGLm1VKDrrNMlIewzi3Kln6y7TTaB95iJ4mEds="}},"RjRJiGTXpdZtE+IrGstmLKdPTLtGfYusnbVeRfDuGi8=":{"valueMac":{"type":"Buffer","data":"WI58rEnjpV6Bl6FtpT0wqDFoWYH63Rg87ZgAfkjvQ3Y="}},"Sal8+2jKPuitfIfzt4llC2px/kclJfHsN/MtJLT5uFU=":{"valueMac":{"type":"Buffer","data":"+elH5XCAOWXuetXH0190oa/2PKWThppjzJQDYwg3pVg="}},"UZA+iGyqZD8qpaI0kmyL9cWkMKVJAYZ9FFNhcJVSmCI=":{"valueMac":{"type":"Buffer","data":"bXgE4Yy1cHoBPB18qKzrrWLOSlxu65zdi8OQ+9qG/38="}},"UjDxdFrtmLMVdZXSm+SOM2vdzu/HWhwioFhFUeWsaSo=":{"valueMac":{"type":"Buffer","data":"11VyF5WPuGKP7lHK+ECgDAqV8bfmAqzE5KtPhIHOg88="}},"VDmcLym/uapQeDzWNLPf8JPp4EdeCBIojVBC3be6tIM=":{"valueMac":{"type":"Buffer","data":"QP6PWsaA3CmM/KHiQfisaanYbtdpAoycJ3DOUt4PBVw="}},"ViRkdh03KX9cTaBSyWG7kPQqT0gXMExYNo8Dkdekxi0=":{"valueMac":{"type":"Buffer","data":"QTKNOtbXPkbHpppdpVo9GlI7OMTDf6iREZLa1OjaFQc="}},"VimhlVzHM4VnZhL5SIpM7di66BJdELhcBhIUEWma4Ps=":{"valueMac":{"type":"Buffer","data":"1rgPcYqVIUGUomnZfPYW90rYvcVoJxx/eZglhtKb8Co="}},"VxqeX2Yhs7ZBcPK0uF0nWouc0yX3X950m3BPSC1kEO0=":{"valueMac":{"type":"Buffer","data":"t4xLahKp3Y3B8duq6RE742rR/arSyZeWTpJki1A3xsI="}},"WRLrjd4i54Zp8IvZ4F820ucHvsjiYlfLeDAIz/+IEtI=":{"valueMac":{"type":"Buffer","data":"aHjLzjZnJrYUqKCpmi5wwUgNd5xpvjQpOmRzDq2h0js="}},"WWaC0JVnOgghUNzJRrOcfmPfpYXopOnQXGRGrUoHmPA=":{"valueMac":{"type":"Buffer","data":"/OmsaB4zYKZqKMHOAjtmhjBlgIugs22TQlGCoQ0VbKQ="}},"WZGpxPhOujpueJ6JuPEGEwZwXCqZYir9auFU4sZ6lEI=":{"valueMac":{"type":"Buffer","data":"h4xImi5X3DEY57cx5v+KZNL2cMcFKG4ObjbhqK6EbhE="}},"WfhxCucf0T0ZeOXTn25D2LciibK+4EsSHWhMUCZfgY0=":{"valueMac":{"type":"Buffer","data":"YL3dzDNWB9+c4h0T3evvXDYTC9eZoQlhcrpD1HtdF5w="}},"XHFcZJhIawjbuYLZwzAVIhTEEa44/oz9R59Ac4cyiWY=":{"valueMac":{"type":"Buffer","data":"9JRTczR8dxCa66M35DbhGjFOQ9POOnj4QsvG3qC8UiI="}},"XIsDkUL+uPFXJPLMBrBSyATk4mQnL80OuSlfphhqOO4=":{"valueMac":{"type":"Buffer","data":"R3APRV58reAcHNd7JBfP+Ad3U581j3vvJhDv82tpDFc="}},"YWI3CwCNW0HjYyY8EcucVytUbfEPFHKscb0DN0slaZI=":{"valueMac":{"type":"Buffer","data":"6+dUQwXGFEkuaYcjKFMqHPuWja8jr37m9cF0Wl/181A="}},"aWdxD25I7P6wO/gAgHzjX1CzmvwtmEGHsJuJVmBws3E=":{"valueMac":{"type":"Buffer","data":"b2DsitxitvjiBNFCGkagok3Jc4rUADRX5dBxwPKZ1Z0="}},"a2QtnFXZp+Joual/x+ZI3N0ptphgCTxFJMLkOOLuoFQ=":{"valueMac":{"type":"Buffer","data":"Jni+9rScbdGopLoA51j56TJHFLN6bgRgciaZJ9Bw3EQ="}},"bjIvLAQpbq8w5q+MrSQb/L1S5M0H4Il2wdhalLBp1kk=":{"valueMac":{"type":"Buffer","data":"FeCyfPl0TIhwmJ24vQ9No7UDFcU9AduAxHHurSOL384="}},"bwcLPw+eKCt8gThjgbZPlhcBo3X7SrYe5Xf0cC03ZCo=":{"valueMac":{"type":"Buffer","data":"1L/k/mvFuv+4puABwD0HZH3mMZHa7R1ZL2x3PIxydKY="}},"cBM7pogUjGBQm4XD/cvdaBdcLscAZoar4gIl4Zy8RxY=":{"valueMac":{"type":"Buffer","data":"S83NJPWew2dnmw0CRAzp6dXtu5UbNS1jmtWp4KMdHUg="}},"c25zeTklrO4ShTR/x+WtmvTwqKJ8ypgwrR+xoX69kXk=":{"valueMac":{"type":"Buffer","data":"CgTSKHC4DoCOL21HH+vg3PQ4w9VM1sAGvzbEvbLIFqs="}},"eeMq3gHbPpzXKiaYUUP4IgP4GAH6UdOQv5wKxEv+KRY=":{"valueMac":{"type":"Buffer","data":"dhLwn4xzkxpvEcknnHF0GJYeJ7qeLqGDvqasq2bMmUw="}},"f9ByRnc3HBY9vf3pjHdEdQI1kFqRhgvzd8QoF8OIw/g=":{"valueMac":{"type":"Buffer","data":"m+MejUxiu4MVYS0SOBa3LZnGTbI++BaoloUYvWVp23M="}},"ghasYzcmz/TQziMhzmRC5S41yclnre8zXEkcBPTiaTQ=":{"valueMac":{"type":"Buffer","data":"ZUwdo/1CBhcMxSW/kiqqht77V2jmpjVAcvqUIkY20y0="}},"h+lNDmRAO5mzLNGea7vWIxKXEN4iEBLiCI2g98JQ0LQ=":{"valueMac":{"type":"Buffer","data":"u4/Mhlo7eLBPmD8Zp0JwNrFmwH19Td5RRDJBjIzMCRQ="}},"jJVgpDMDSq91X98k02CCwllLGL12bl354MupNcv8gzQ=":{"valueMac":{"type":"Buffer","data":"/1P5D2qugkeMlgU3onCGh/FBJ3+MFOGL4/o0eKeTtJA="}},"kNfJ3fSPehLu0lleAussPNNf9n8TylPTjffl80FfNmg=":{"valueMac":{"type":"Buffer","data":"Ftxai1d01SobduE1fFkMnjkukVKf7m9/UkWi+rQYZtk="}},"kYrDQEmgzsEvmfq1EkdCKxilJpfcsAb8sRnkjuzmRUU=":{"valueMac":{"type":"Buffer","data":"q35SMq7z8FtISuIiSUTvVEbH6HVrtITsVc+yM+8cOBM="}},"lywoH7uPcR8lzGDmJsDnWzqTdF9ss6VjURMYy9OPO+s=":{"valueMac":{"type":"Buffer","data":"1LxMAgdFVR0uiNIMyezYusvy/lua+tCeATIp82Svj0A="}},"nJ7OHHaqT4i6hTiTvlkC0ZAbrw/27r1CiKuetqDe3VY=":{"valueMac":{"type":"Buffer","data":"ThCK+IxLkXZZNnWDvC2O/7FJaejLLVQqxO/qakqTTHg="}},"nSf+ydUVCAjVRMMD0nfbLrFCm5UwJWkieB1RXpBhWgs=":{"valueMac":{"type":"Buffer","data":"xPF0l7n7h1vbbciID0mVnF1muApHU3aVx7lqu7hqNas="}},"n6IPlOJ1PaS1K5gSQZzNU1uqY1n3LDpFKf1fBxg/jws=":{"valueMac":{"type":"Buffer","data":"vkc+D9oqy8VHWJv+kUq8T1hK86xmzRZZzcm5IS/N1bw="}},"psVkTCbHAdqa5DTCRwTREsPg7YIi+VyI+I3W+4yQi0k=":{"valueMac":{"type":"Buffer","data":"rfQsyC+RhlV4VRf5CYv3wv8wfHbMcl/TBCI0weJqlEg="}},"qAnUQJKfRKnBFRAzbINTcy8+KZ9DwFevyFgabnZ7taQ=":{"valueMac":{"type":"Buffer","data":"/91I4tgUFjyMy5gqywcMf+uHryETQLBlyKUYrcZKhuA="}},"qJ5+h2cG9EEG8Xwr8dRgJPL7UtMtPQ9X3B2h4kY8+bg=":{"valueMac":{"type":"Buffer","data":"s8a+cp7guFbkToiK3qYQTstZZ1VquBH+KvWI5gwLE4k="}},"qtyFv1sxGMuIfC5R+WjMwkyCBZ1TmswJa6lfwU+axJQ=":{"valueMac":{"type":"Buffer","data":"tZg2+Qc+S5f7lHYhdNnPW/HgH+6oFe5MRz2zF5YDP0A="}},"r6qlOOMLRiqeoIVKIDM6KhR+DX07GHc1BU/lwSH6oOQ=":{"valueMac":{"type":"Buffer","data":"UgCAhVgIOTu26xS3+gAgQ7IfaChBrZ1UULGCPsCieBI="}},"sAK7qSXyVkF7GImb+2NvhCPbZ2Kj/t01sgmDmQtkS9g=":{"valueMac":{"type":"Buffer","data":"4trbqBl94pSFBtex+6rtlqtISD/h2eBby+10cEb6jTY="}},"sE+cKveBwV34bkN3vbmW/fhhIlqPRJAvzuySy13O4Pk=":{"valueMac":{"type":"Buffer","data":"fPwm90kEfkYDFrHnCvRATgacpShbFjXOB3vz/DFEBhs="}},"s1BYnFIKzWH7NRg1PiIptgTNdML/nT4crciAwXnEyOc=":{"valueMac":{"type":"Buffer","data":"QcFcWGkH6/BX3i+skzQ1HtCTHpCzBnz0EDQWN1fT7Aw="}},"tKifFyFmVMJcmMTuRsv8TrNc2mmJMVW/NeObmeXmWis=":{"valueMac":{"type":"Buffer","data":"Gnocy85mLp/sSVTn/yNswRlKg7C7mVgONGx9l9m/ieg="}},"tWrXnfBISxGxDHHP2/32M3bvHa2Hukn4b9DbhQTkS/0=":{"valueMac":{"type":"Buffer","data":"4bzlxaexe28+1mzUybMhUwkul2qa3YYmz4xsw7a+coM="}},"vMe3qMgva1/iNm8drgEpv+5yDkkgGatRNoAmoKyUOIE=":{"valueMac":{"type":"Buffer","data":"/qEIzudZ4RvEire8IgQ3kU9ymN2uH1otRTs8b2Ah5xg="}},"vutkxPt0SvYgaLxLIziiHIj/2bzfbXXcOEBB09DxkuE=":{"valueMac":{"type":"Buffer","data":"oWmr/k+u9S1XR6S08LNSi2zDdJ4LP1/vLDtlBJMCZIg="}},"v+dSmw9anNj5BJO8AgTx+ToZ69jHSzSERf5ac3I2/a8=":{"valueMac":{"type":"Buffer","data":"6KEOf8kBrZhub13yVM5bKrp0XZ2dC4e1skkKtd3SsL8="}},"wNpg+3f/9d7Ww/x6xU+N0NOZQlkv2jR5EcIzATO2s3Y=":{"valueMac":{"type":"Buffer","data":"HcCil91hZOGEWsMSWQAwWWdzjybm9AFzcOLrRsTnVBU="}},"xEsZyAeLRcziSyEJVOVOYTOQ/GL05PWmq3jauA+2TJE=":{"valueMac":{"type":"Buffer","data":"QK075k0vmypZQxwY9fnvgVNMGYL6/Vk4ub8+xl/mrtY="}},"x9VHjHwq5zu41kXEEBv7Xu8AJje/Hcl3KdSbFJ305Cg=":{"valueMac":{"type":"Buffer","data":"NjTHvABsAri3RlXXDI+7OkGCvXMy0S7tnoWSFlQ7rtc="}},"1FJrakAeO1hT7bRgRL6Eq8cH5ReAgjjUiJ3x2lfvMhc=":{"valueMac":{"type":"Buffer","data":"Kq2BJEjw0gbEYiNel+2zElBOr/59wTMngkYZq+TQjms="}},"1N5A82DYE2n2M46EY1rpCZNYJvBYN4u2lmIL9tXMLfE=":{"valueMac":{"type":"Buffer","data":"5bViGYMYK5cV/Lyp+9igNYM4TuoJjG/agQx+gKpx9hk="}},"1aVdzIeUWzhYkuIgLscYNSeSIwGx7Rfke1uZvfjHGHY=":{"valueMac":{"type":"Buffer","data":"RUrDz16LLEVNq+wu+9rD1ZP/l68NQARX+bCEfd6xz5I="}},"1nE9nzeecgJZnQvIYpQIb2WiuUrOyAdZN0AfMZOR3Zg=":{"valueMac":{"type":"Buffer","data":"3wU6Bx5fGwuJNhat8GtwO73xVkzx/8s1Q3GlJeOfpZs="}},"2cjnR14F/orvJsEf0beMe69GNF1V/U4A3YgbDDJ8Uaw=":{"valueMac":{"type":"Buffer","data":"QxOqe67Yf+30cplJeXADagpUwj5v6fVtT0/6bD8Tz4o="}},"2dj1F1x4pssf/5eGwyBKmAs+Nm1u1A3hEWN8NsEtj8E=":{"valueMac":{"type":"Buffer","data":"pfuroVZ7L3vLX7QENNZklvw5NRYDdq1Dois1YV6oCs8="}},"2h4QUNVDlnvLh2YF1NpBOHZwVSUjUS5NCstclO1vXt0=":{"valueMac":{"type":"Buffer","data":"KaJ9XAPJ3Vuijlj5YBRO/OpPtZ3BuyzjhN2oQWLo39A="}},"3NHcHwmOcu9CNFwPIGxCimVUFPpCN7NXnXWKHZZAa20=":{"valueMac":{"type":"Buffer","data":"QrF1m1SD6DdDkH1HX/fxW6iDxjaO/REncBiZNepl420="}},"38RW4mL0EPRuu3zUFeIlz7/V7qlPJj4BuLciY1s1mE0=":{"valueMac":{"type":"Buffer","data":"dYwDjbhw/p8L6cyXsnOA9D41pwyBv2edPoXCeUWPs1o="}},"4R7gwFvsnZ0ObwykIstFSqdCyYVDUi8PqbYDPqqnykE=":{"valueMac":{"type":"Buffer","data":"fq/BsbmDAYkbhTtengElK/A31LcnaGl4PageGv6TGQI="}},"5POXVYaDuMdcd2jQMei7s+HOneI4eQwoSf+sYx1Wh+k=":{"valueMac":{"type":"Buffer","data":"BR8+haZazhpUtt8siKbodBtOiJJs3PWW7kM6NWdEDVs="}},"7olml2j+8CVO9NWf+IGsX33OzOOEbGUuJwHbD9aLNzY=":{"valueMac":{"type":"Buffer","data":"aSMa1OARsdvjCWixh54U4dLgNJ+K2PAXWQdNkcX9uts="}},"8wHSNMI+xnOzsRYadnjNB1oSPj9q3Tey74VsueyuRD0=":{"valueMac":{"type":"Buffer","data":"SSiGGk6DAVbgFXsr73g2bb1SjSgRwiSXUKHD13RnnQk="}},"9Qs/yITK40qXq+W+TGwC3jkL0gI3mH1FahTBzuiNC6Y=":{"valueMac":{"type":"Buffer","data":"ylD+zqMVBa1ViXbutV+CmhnoCGNbUtKYCq0BzVDQwAA="}},"9y3Eg+7DvjyrS3MAV1IEdAxykcWxcpeZ1V+v/Jhq4vc=":{"valueMac":{"type":"Buffer","data":"viT3dd8Mc6X8zlgl+oxcEbsf948NLa1L/N1kHJ7I3qk="}},"/AG/Llv9kjBtnGCQsARSeRxYXLquCcnMdXAHj58Y4VQ=":{"valueMac":{"type":"Buffer","data":"rIyCCLdw4QFuVlcnrm0FLWkbBqmS6ft2UbJaRIWYO5E="}},"/hlxWvBkxj1IZrgH6GeaEWWiAWqGaGitm+T+KzmAJC4=":{"valueMac":{"type":"Buffer","data":"ZHy2JnZGEpzykQac4mUeGr8dEi3HiLDS4h6P6L4UgXY="}},"3Gfvo4hgdGQh80jBsDa1TvC8ThTgTm8RZR0Sdc9rJkk=":{"valueMac":{"type":"Buffer","data":"olP3Zu/bKhUGXQxalTwFtdoR3v/Ggg72nPu2ehugd3g="}}}}