{"version":68,"hash":{"type":"Buffer","data":"iUdZnxXtIqkX4GKg/KPNs/INZdGXHxfpTGr8CLF0IjgxE4WpjWZ6KymXiCkD6/4bU6b6Uyb/GvU0JREkLnimJMmtOTVLmsmrfuNbCCQB2+yv5ikNjOgtBZMvsBvLuQtmLYX9rLOyp3ucEpDegAZ0pI1FeZSiMuYC2Frdu+gfqRA="},"indexValueMap":{"qBN/7SZl5v42MSBC1jfQ6mIfc+jU/nDv2EiWbBD4vbo=":{"valueMac":{"type":"Buffer","data":"8Vuaep8F521JAezPYL0TENlHm6qR6iaVBcSFeVYB7rw="}},"9AM3GUSAv6b8znKGqr2SY2tMqJq0QKnx4GiI8SN1RRU=":{"valueMac":{"type":"Buffer","data":"HW35HcW48SB/eVWEgp7Z/aOtGWcGaNAksSLTO8JIIoM="}}}}