{"noiseKey":{"private":{"type":"Buffer","data":"YAuqz7InnlgbQR2EWAubD42/8lB4EDmS/ZowuuCHbkY="},"public":{"type":"Buffer","data":"F1hrW/cuYIrtw9O2g0Y6vdp4apWW+M/hCS2/+wGH2QI="}},"pairingEphemeralKeyPair":{"private":{"type":"Buffer","data":"sBJL/v7UqwzCFVGhJOLHxLuaBKTpE0oy23XVqTqBbGQ="},"public":{"type":"Buffer","data":"OykEbpQEeIEGf+x/iRlg8I02/SDAxPtwrLJ2FLjzKFY="}},"signedIdentityKey":{"private":{"type":"Buffer","data":"sFuH9WpIccuCeUq+vXocBUm2oSEfSWVIN6EskKZJmUA="},"public":{"type":"Buffer","data":"A4KZdYxfbhjmMJmO0o8ovHzmRqfcMnreW0s/2pBRnmY="}},"signedPreKey":{"keyPair":{"private":{"type":"Buffer","data":"EAtKqEt5W0rdP2MY9QtNUxn4LHpZ8XUadiq5yA8Gv2A="},"public":{"type":"Buffer","data":"nw2f+rlEv34bMjiJRELN6fKbI02RdPdJBtgnrPLOgTI="}},"signature":{"type":"Buffer","data":"Gf3LeUxCNvZxB/TiN4SGJSciMz54i5i9kSOEeI2LUWilbZUfPnG8oltpiPDpW+dKDJhyFJoXnBtEulkQlHhUAg=="},"keyId":1},"registrationId":187,"advSecretKey":"40hhHmSa0AygUyByuboE3XNiAMhkz5ohiDYZuEpjXXw=","processedHistoryMessages":[{"key":{"remoteJid":"5516996068642@s.whatsapp.net","fromMe":true,"id":"5D25DA5726C43EB40E52B93E974D0E98"},"messageTimestamp":1714538417},{"key":{"remoteJid":"5516996068642@s.whatsapp.net","fromMe":true,"id":"83365C733CEB491D077555EAB88F63E7"},"messageTimestamp":1714538428}],"nextPreKeyId":31,"firstUnuploadedPreKeyId":31,"accountSyncCounter":1,"accountSettings":{"unarchiveChats":false},"deviceId":"iWoM4I-kTOqCvQFjN4rCHA","phoneId":"3193644c-2a4e-48cd-9efa-9fcb765d0ef4","identityId":{"type":"Buffer","data":"FJySBJCtjlXPN/TgXT00T/m/6KI="},"registered":true,"backupToken":{"type":"Buffer","data":"WSJU6n5lZG8ZXoTJbobqoi8k5nU="},"registration":{},"pairingCode":"QT51AJG2","me":{"id":"5516996068642:96@s.whatsapp.net","name":"Wanda Maximoff"},"account":{"details":"CI/I1tEEEKuPx7EGGE8gACgA","accountSignatureKey":"SK8sIAanmg6dl5UHwmm46lZXFEYjdMUfrwbmPAb9ZSI=","accountSignature":"lOBIYg5DOnCC9UGm8vfzyZEBY3OsaKn2i4K5hG94fQoKahZ2x7mOWAGoWNgA6zwboNE/XUGuvcsDauvY89HUDg==","deviceSignature":"Skrnp+l/IFm0qV+56W97XiB48HHyXB2F3vboay50FrXDlw7mlSUG84BgOhzrCAlNC++a0NtNJJvtg38JZVczBQ=="},"signalIdentities":[{"identifier":{"name":"5516996068642:96@s.whatsapp.net","deviceId":0},"identifierKey":{"type":"Buffer","data":"BUivLCAGp5oOnZeVB8JpuOpWVxRGI3TFH68G5jwG/WUi"}}],"platform":"android","lastAccountSyncTimestamp":1714538415,"myAppStateKeyId":"AAAAAL88"}