{"_sessions":{"BUAXUhkgc0pgTKSJ1omDKq3oTKog3V1V8MjCf66jGTk1":{"registrationId":421971130,"currentRatchet":{"ephemeralKeyPair":{"pubKey":"BUEe24R83oCLd3SGvmnJB8AiMEhU5KJcnwl1ZN2s6r44","privKey":"QGVWoi00r7NM8S9IBPvkcBZmz8ez/d8+5zDVn9K5L0U="},"lastRemoteEphemeralKey":"BbGEKOzcyWdVLd50slbHzRPIyelI/sVtlzCUgY9EsqVA","previousCounter":0,"rootKey":"TH3LyCDCbtG0q7Jq9VdYzJwpyi+joZbop4y/3t2jUag="},"indexInfo":{"baseKey":"BUAXUhkgc0pgTKSJ1omDKq3oTKog3V1V8MjCf66jGTk1","baseKeyType":2,"closed":-1,"used":1714538416613,"created":1714538416613,"remoteIdentityKey":"BUivLCAGp5oOnZeVB8JpuOpWVxRGI3TFH68G5jwG/WUi"},"_chains":{"BbGEKOzcyWdVLd50slbHzRPIyelI/sVtlzCUgY9EsqVA":{"chainKey":{"counter":5,"key":"0xVmJGmCpWsexS8RRbchlbr3t/N7FD67zLUBNjep7ps="},"chainType":2,"messageKeys":{}},"BUEe24R83oCLd3SGvmnJB8AiMEhU5KJcnwl1ZN2s6r44":{"chainKey":{"counter":-1,"key":"OvJvVopD8w6SnKaXm6j6nhuDWlO3hfEmCpxn18lHhZ0="},"chainType":1,"messageKeys":{}}}}},"version":"v1"}