{"_sessions":{"BaXVhlcK+pNXPQitd0F8EbjoyiwwItvSqr95efjpkStB":{"registrationId":1831415436,"currentRatchet":{"ephemeralKeyPair":{"pubKey":"BYzEtjk2A4j9mJQVjF0UXZKpqmeU9PN0cSGFk3Hezq0j","privKey":"4NJdhT7xG6gmF7OzmDqMZU8vGaUioA+NwMlMWj5sn1A="},"lastRemoteEphemeralKey":"BZmYAX4aBRhtTJThn36lsTmjWXdTfZwbWBG6Y6QdgbET","previousCounter":0,"rootKey":"Wuyg1ICOTHQgzmsZ0UhpEhKQcfcKRLZRRqqZTiVGVZc="},"indexInfo":{"baseKey":"BaXVhlcK+pNXPQitd0F8EbjoyiwwItvSqr95efjpkStB","baseKeyType":2,"closed":-1,"used":1714538492672,"created":1714538492672,"remoteIdentityKey":"BYh9BVa7P+DWnuR1P19t24ZEssPN07OfKh2fe4apEfM6"},"_chains":{"BZmYAX4aBRhtTJThn36lsTmjWXdTfZwbWBG6Y6QdgbET":{"chainKey":{"counter":0,"key":"PYR6ODcQBCRy1iljapzocgmLYjMxGEY/bxGj97Lzj3M="},"chainType":2,"messageKeys":{}},"BYzEtjk2A4j9mJQVjF0UXZKpqmeU9PN0cSGFk3Hezq0j":{"chainKey":{"counter":-1,"key":"OJ8PEtuKI4UjEzA/tGMkHATXyREcopNRTq8iS+/2DrM="},"chainType":1,"messageKeys":{}}}}},"version":"v1"}